order_id,customer_id,order_date
ORD00001,CUST0128,2024-06-14
ORD00002,CUST0218,2024-09-06
ORD00003,CUST0052,2024-01-06
ORD00004,CUST0091,2024-11-19
ORD00005,CUST0073,2024-10-04
ORD00006,CUST0091,2024-02-02
ORD00007,CUST0020,2024-05-01
ORD00008,CUST0054,2024-11-14
ORD00009,CUST0202,2024-09-21
ORD00010,CUST0245,2024-11-06
ORD00011,CUST0284,2024-05-24
ORD00012,CUST0256,2024-03-06
ORD00013,CUST0196,2024-07-21
ORD00014,CUST0270,2024-02-18
ORD00015,CUST0013,2024-04-16
ORD00016,CUST0153,2024-07-29
ORD00017,CUST0086,2024-02-06
ORD00018,CUST0186,2024-07-15
ORD00019,CUST0097,2024-05-02
ORD00020,CUST0169,2024-03-24
ORD00021,CUST0098,2024-06-15
ORD00022,CUST0155,2024-03-28
ORD00023,CUST0164,2024-08-03
ORD00024,CUST0233,2024-03-04
ORD00025,CUST0231,2024-09-05
ORD00026,CUST0208,2024-07-31
ORD00027,CUST0086,2024-04-09
ORD00028,CUST0243,2024-02-03
ORD00029,CUST0178,2024-04-14
ORD00030,CUST0216,2024-09-05
ORD00031,CUST0255,2024-11-27
ORD00032,CUST0067,2024-10-24
ORD00033,CUST0027,2024-10-03
ORD00034,CUST0279,2024-10-04
ORD00035,CUST0134,2024-09-21
ORD00036,CUST0004,2024-12-05
ORD00037,CUST0093,2024-09-14
ORD00038,CUST0264,2024-11-06
ORD00039,CUST0271,2024-12-05
ORD00040,CUST0286,2024-12-10
ORD00041,CUST0041,2024-03-06
ORD00042,CUST0006,2024-08-15
ORD00043,CUST0145,2024-08-15
ORD00044,CUST0226,2024-06-12
ORD00045,CUST0113,2024-05-17
ORD00046,CUST0300,2024-06-04
ORD00047,CUST0133,2024-03-16
ORD00048,CUST0300,2024-12-26
ORD00049,CUST0272,2024-02-15
ORD00050,CUST0122,2024-12-28
ORD00051,CUST0054,2024-07-12
ORD00052,CUST0074,2024-02-28
ORD00053,CUST0069,2024-10-11
ORD00054,CUST0238,2024-03-31
ORD00055,CUST0150,2024-02-27
ORD00056,CUST0139,2024-05-25
ORD00057,CUST0027,2024-04-01
ORD00058,CUST0278,2024-09-26
ORD00059,CUST0039,2024-11-05
ORD00060,CUST0286,2024-12-07
ORD00061,CUST0113,2024-10-12
ORD00062,CUST0211,2024-09-26
ORD00063,CUST0182,2024-02-15
ORD00064,CUST0274,2024-05-19
ORD00065,CUST0122,2024-10-14
ORD00066,CUST0202,2024-08-22
ORD00067,CUST0258,2024-11-16
ORD00068,CUST0289,2024-09-10
ORD00069,CUST0056,2024-01-06
ORD00070,CUST0087,2024-01-03
ORD00071,CUST0129,2024-12-06
ORD00072,CUST0125,2024-11-24
ORD00073,CUST0128,2024-01-11
ORD00074,CUST0184,2024-04-08
ORD00075,CUST0168,2024-03-04
ORD00076,CUST0028,2024-05-20
ORD00077,CUST0095,2024-11-16
ORD00078,CUST0234,2024-08-28
ORD00079,CUST0298,2024-05-03
ORD00080,CUST0159,2024-04-04
ORD00081,CUST0056,2024-04-15
ORD00082,CUST0040,2024-04-08
ORD00083,CUST0112,2024-06-04
ORD00084,CUST0088,2024-05-05
ORD00085,CUST0229,2024-03-25
ORD00086,CUST0018,2024-11-15
ORD00087,CUST0045,2024-02-19
ORD00088,CUST0110,2024-08-30
ORD00089,CUST0210,2024-01-29
ORD00090,CUST0151,2024-10-09
ORD00091,CUST0097,2024-10-31
ORD00092,CUST0055,2024-04-25
ORD00093,CUST0027,2024-09-02
ORD00094,CUST0024,2024-01-21
ORD00095,CUST0225,2024-08-30
ORD00096,CUST0110,2024-08-29
ORD00097,CUST0026,2024-03-12
ORD00098,CUST0083,2024-10-08
ORD00099,CUST0100,2024-04-12
ORD00100,CUST0158,2024-03-16
ORD00101,CUST0045,2024-02-19
ORD00102,CUST0269,2024-06-15
ORD00103,CUST0227,2024-07-23
ORD00104,CUST0165,2024-10-13
ORD00105,CUST0119,2024-09-22
ORD00106,CUST0117,2024-07-29
ORD00107,CUST0198,2024-02-16
ORD00108,CUST0257,2024-12-16
ORD00109,CUST0217,2024-06-16
ORD00110,CUST0116,2024-01-26
ORD00111,CUST0179,2024-09-28
ORD00112,CUST0085,2024-04-14
ORD00113,CUST0264,2024-04-18
ORD00114,CUST0020,2024-01-23
ORD00115,CUST0053,2024-08-11
ORD00116,CUST0142,2024-12-04
ORD00117,CUST0108,2024-04-02
ORD00118,CUST0036,2024-09-16
ORD00119,CUST0139,2024-05-20
ORD00120,CUST0103,2024-01-28
ORD00121,CUST0149,2024-11-30
ORD00122,CUST0106,2024-02-29
ORD00123,CUST0235,2024-01-05
ORD00124,CUST0208,2024-09-03
ORD00125,CUST0013,2024-09-23
ORD00126,CUST0156,2024-05-10
ORD00127,CUST0175,2024-12-23
ORD00128,CUST0024,2024-08-03
ORD00129,CUST0222,2024-03-09
ORD00130,CUST0239,2024-06-18
ORD00131,CUST0151,2024-12-29
ORD00132,CUST0141,2024-10-13
ORD00133,CUST0190,2024-01-17
ORD00134,CUST0146,2024-12-06
ORD00135,CUST0153,2024-07-14
ORD00136,CUST0263,2024-08-21
ORD00137,CUST0007,2024-04-02
ORD00138,CUST0226,2024-07-03
ORD00139,CUST0237,2024-06-02
ORD00140,CUST0073,2024-08-12
ORD00141,CUST0289,2024-02-29
ORD00142,CUST0074,2024-07-14
ORD00143,CUST0149,2024-03-06
ORD00144,CUST0129,2024-07-02
ORD00145,CUST0290,2024-02-14
ORD00146,CUST0068,2024-10-16
ORD00147,CUST0017,2024-11-02
ORD00148,CUST0072,2024-12-24
ORD00149,CUST0158,2024-02-28
ORD00150,CUST0221,2024-07-26
ORD00151,CUST0101,2024-08-10
ORD00152,CUST0122,2024-01-19
ORD00153,CUST0098,2024-05-11
ORD00154,CUST0060,2024-02-25
ORD00155,CUST0163,2024-10-23
ORD00156,CUST0246,2024-09-14
ORD00157,CUST0146,2024-02-16
ORD00158,CUST0292,2024-11-11
ORD00159,CUST0053,2024-05-15
ORD00160,CUST0142,2024-12-18
ORD00161,CUST0277,2024-06-01
ORD00162,CUST0048,2024-05-20
ORD00163,CUST0035,2024-05-03
ORD00164,CUST0016,2024-01-19
ORD00165,CUST0026,2024-12-07
ORD00166,CUST0169,2024-04-25
ORD00167,CUST0204,2024-05-23
ORD00168,CUST0108,2024-11-10
ORD00169,CUST0299,2024-12-15
ORD00170,CUST0259,2024-01-31
ORD00171,CUST0031,2024-09-22
ORD00172,CUST0103,2024-06-03
ORD00173,CUST0295,2024-10-14
ORD00174,CUST0247,2024-10-28
ORD00175,CUST0147,2024-03-13
ORD00176,CUST0220,2024-09-08
ORD00177,CUST0165,2024-05-08
ORD00178,CUST0159,2024-01-21
ORD00179,CUST0127,2024-02-25
ORD00180,CUST0252,2024-03-02
ORD00181,CUST0179,2024-05-25
ORD00182,CUST0047,2024-01-29
ORD00183,CUST0190,2024-11-20
ORD00184,CUST0114,2024-09-05
ORD00185,CUST0094,2024-10-22
ORD00186,CUST0094,2024-08-06
ORD00187,CUST0135,2024-08-08
ORD00188,CUST0011,2024-01-30
ORD00189,CUST0029,2024-05-18
ORD00190,CUST0198,2024-11-06
ORD00191,CUST0023,2024-04-23
ORD00192,CUST0289,2024-01-26
ORD00193,CUST0198,2024-12-13
ORD00194,CUST0187,2024-03-28
ORD00195,CUST0295,2024-03-02
ORD00196,CUST0128,2024-01-26
ORD00197,CUST0264,2024-12-27
ORD00198,CUST0137,2024-10-24
ORD00199,CUST0033,2024-02-14
ORD00200,CUST0120,2024-09-02
ORD00201,CUST0137,2024-07-19
ORD00202,CUST0254,2024-01-27
ORD00203,CUST0116,2024-06-11
ORD00204,CUST0125,2024-05-23
ORD00205,CUST0162,2024-05-07
ORD00206,CUST0179,2024-10-09
ORD00207,CUST0227,2024-01-27
ORD00208,CUST0256,2024-11-19
ORD00209,CUST0220,2024-08-17
ORD00210,CUST0188,2024-06-30
ORD00211,CUST0170,2024-12-13
ORD00212,CUST0089,2024-12-20
ORD00213,CUST0240,2024-10-20
ORD00214,CUST0097,2024-11-27
ORD00215,CUST0154,2024-09-03
ORD00216,CUST0164,2024-05-11
ORD00217,CUST0024,2024-12-14
ORD00218,CUST0079,2024-06-01
ORD00219,CUST0076,2024-06-26
ORD00220,CUST0022,2024-01-24
ORD00221,CUST0043,2024-12-09
ORD00222,CUST0226,2024-07-27
ORD00223,CUST0195,2024-03-17
ORD00224,CUST0259,2024-02-28
ORD00225,CUST0079,2024-09-16
ORD00226,CUST0291,2024-01-23
ORD00227,CUST0087,2024-10-04
ORD00228,CUST0107,2024-08-11
ORD00229,CUST0280,2024-08-13
ORD00230,CUST0088,2024-08-18
ORD00231,CUST0082,2024-02-09
ORD00232,CUST0259,2024-12-13
ORD00233,CUST0142,2024-06-08
ORD00234,CUST0145,2024-06-26
ORD00235,CUST0024,2024-06-21
ORD00236,CUST0098,2024-06-17
ORD00237,CUST0136,2024-01-05
ORD00238,CUST0099,2024-05-29
ORD00239,CUST0211,2024-03-17
ORD00240,CUST0137,2024-04-14
ORD00241,CUST0022,2024-07-30
ORD00242,CUST0113,2024-01-21
ORD00243,CUST0152,2024-01-06
ORD00244,CUST0086,2024-08-26
ORD00245,CUST0275,2024-11-03
ORD00246,CUST0287,2024-09-26
ORD00247,CUST0026,2024-02-25
ORD00248,CUST0164,2024-08-11
ORD00249,CUST0091,2024-05-28
ORD00250,CUST0107,2024-10-07
ORD00251,CUST0278,2024-01-12
ORD00252,CUST0029,2024-02-27
ORD00253,CUST0114,2024-04-19
ORD00254,CUST0029,2024-02-27
ORD00255,CUST0072,2024-05-29
ORD00256,CUST0042,2024-08-10
ORD00257,CUST0162,2024-08-10
ORD00258,CUST0054,2024-03-25
ORD00259,CUST0286,2024-04-05
ORD00260,CUST0071,2024-05-19
ORD00261,CUST0100,2024-07-07
ORD00262,CUST0007,2024-02-07
ORD00263,CUST0250,2024-12-19
ORD00264,CUST0184,2024-06-22
ORD00265,CUST0159,2024-07-26
ORD00266,CUST0129,2024-02-24
ORD00267,CUST0217,2024-07-18
ORD00268,CUST0134,2024-01-24
ORD00269,CUST0049,2024-06-01
ORD00270,CUST0005,2024-03-27
ORD00271,CUST0284,2024-02-20
ORD00272,CUST0277,2024-03-15
ORD00273,CUST0153,2024-11-06
ORD00274,CUST0256,2024-04-11
ORD00275,CUST0160,2024-08-25
ORD00276,CUST0194,2024-02-02
ORD00277,CUST0054,2024-11-01
ORD00278,CUST0138,2024-11-15
ORD00279,CUST0028,2024-04-01
ORD00280,CUST0216,2024-08-01
ORD00281,CUST0005,2024-11-29
ORD00282,CUST0125,2024-04-05
ORD00283,CUST0190,2024-11-22
ORD00284,CUST0119,2024-08-19
ORD00285,CUST0226,2024-03-10
ORD00286,CUST0118,2024-06-19
ORD00287,CUST0192,2024-03-03
ORD00288,CUST0221,2024-08-23
ORD00289,CUST0257,2024-11-03
ORD00290,CUST0207,2024-01-13
ORD00291,CUST0021,2024-03-19
ORD00292,CUST0039,2024-05-22
ORD00293,CUST0186,2024-06-02
ORD00294,CUST0033,2024-02-24
ORD00295,CUST0072,2024-08-12
ORD00296,CUST0018,2024-08-31
ORD00297,CUST0067,2024-06-03
ORD00298,CUST0113,2024-02-03
ORD00299,CUST0151,2024-10-15
ORD00300,CUST0272,2024-12-25
ORD00301,CUST0023,2024-12-15
ORD00302,CUST0070,2024-04-25
ORD00303,CUST0270,2024-05-22
ORD00304,CUST0259,2024-08-11
ORD00305,CUST0215,2024-09-30
ORD00306,CUST0183,2024-01-07
ORD00307,CUST0256,2024-02-11
ORD00308,CUST0182,2024-02-23
ORD00309,CUST0004,2024-05-15
ORD00310,CUST0097,2024-12-01
ORD00311,CUST0054,2024-04-21
ORD00312,CUST0126,2024-08-05
ORD00313,CUST0278,2024-06-27
ORD00314,CUST0198,2024-03-02
ORD00315,CUST0262,2024-08-21
ORD00316,CUST0208,2024-02-21
ORD00317,CUST0213,2024-09-10
ORD00318,CUST0111,2024-11-06
ORD00319,CUST0190,2024-06-21
ORD00320,CUST0156,2024-10-22
ORD00321,CUST0162,2024-01-05
ORD00322,CUST0290,2024-04-09
ORD00323,CUST0140,2024-12-19
ORD00324,CUST0160,2024-04-13
ORD00325,CUST0201,2024-04-12
ORD00326,CUST0051,2024-09-26
ORD00327,CUST0108,2024-07-20
ORD00328,CUST0100,2024-01-24
ORD00329,CUST0103,2024-05-26
ORD00330,CUST0258,2024-10-02
ORD00331,CUST0035,2024-03-06
ORD00332,CUST0092,2024-09-19
ORD00333,CUST0050,2024-05-31
ORD00334,CUST0192,2024-07-05
ORD00335,CUST0103,2024-02-23
ORD00336,CUST0286,2024-09-03
ORD00337,CUST0127,2024-02-24
ORD00338,CUST0006,2024-11-25
ORD00339,CUST0237,2024-11-09
ORD00340,CUST0155,2024-09-30
ORD00341,CUST0018,2024-07-24
ORD00342,CUST0265,2024-06-19
ORD00343,CUST0038,2024-11-29
ORD00344,CUST0084,2024-04-30
ORD00345,CUST0290,2024-12-09
ORD00346,CUST0223,2024-12-11
ORD00347,CUST0243,2024-11-19
ORD00348,CUST0291,2024-07-01
ORD00349,CUST0125,2024-03-03
ORD00350,CUST0222,2024-12-06
ORD00351,CUST0204,2024-12-28
ORD00352,CUST0204,2024-07-04
ORD00353,CUST0226,2024-01-17
ORD00354,CUST0269,2024-07-19
ORD00355,CUST0055,2024-12-18
ORD00356,CUST0168,2024-11-24
ORD00357,CUST0103,2024-10-06
ORD00358,CUST0176,2024-09-29
ORD00359,CUST0247,2024-10-17
ORD00360,CUST0022,2024-06-20
ORD00361,CUST0138,2024-01-04
ORD00362,CUST0149,2024-06-21
ORD00363,CUST0009,2024-10-03
ORD00364,CUST0033,2024-12-28
ORD00365,CUST0017,2024-06-29
ORD00366,CUST0125,2024-11-27
ORD00367,CUST0073,2024-02-26
ORD00368,CUST0118,2024-08-08
ORD00369,CUST0284,2024-11-05
ORD00370,CUST0189,2024-01-09
ORD00371,CUST0222,2024-05-11
ORD00372,CUST0230,2024-07-28
ORD00373,CUST0075,2024-06-12
ORD00374,CUST0053,2024-04-09
ORD00375,CUST0022,2024-12-17
ORD00376,CUST0018,2024-06-23
ORD00377,CUST0276,2024-03-06
ORD00378,CUST0198,2024-11-04
ORD00379,CUST0252,2024-04-11
ORD00380,CUST0011,2024-03-23
ORD00381,CUST0205,2024-07-14
ORD00382,CUST0219,2024-02-15
ORD00383,CUST0022,2024-01-01
ORD00384,CUST0182,2024-06-09
ORD00385,CUST0050,2024-09-24
ORD00386,CUST0187,2024-07-22
ORD00387,CUST0296,2024-04-05
ORD00388,CUST0258,2024-03-03
ORD00389,CUST0026,2024-02-20
ORD00390,CUST0063,2024-04-08
ORD00391,CUST0108,2024-04-02
ORD00392,CUST0138,2024-07-31
ORD00393,CUST0126,2024-01-28
ORD00394,CUST0083,2024-05-20
ORD00395,CUST0262,2024-05-09
ORD00396,CUST0222,2024-01-07
ORD00397,CUST0200,2024-12-22
ORD00398,CUST0164,2024-12-06
ORD00399,CUST0167,2024-04-26
ORD00400,CUST0184,2024-11-16
ORD00401,CUST0195,2024-06-04
ORD00402,CUST0141,2024-06-22
ORD00403,CUST0090,2024-05-20
ORD00404,CUST0049,2024-05-25
ORD00405,CUST0151,2024-10-25
ORD00406,CUST0190,2024-07-26
ORD00407,CUST0151,2024-12-07
ORD00408,CUST0044,2024-11-24
ORD00409,CUST0249,2024-07-16
ORD00410,CUST0146,2024-11-11
ORD00411,CUST0074,2024-07-27
ORD00412,CUST0195,2024-08-02
ORD00413,CUST0048,2024-04-14
ORD00414,CUST0226,2024-04-09
ORD00415,CUST0155,2024-01-08
ORD00416,CUST0044,2024-06-22
ORD00417,CUST0125,2024-03-25
ORD00418,CUST0147,2024-08-27
ORD00419,CUST0033,2024-06-03
ORD00420,CUST0180,2024-08-20
ORD00421,CUST0029,2024-11-24
ORD00422,CUST0035,2024-03-20
ORD00423,CUST0181,2024-05-29
ORD00424,CUST0097,2024-07-30
ORD00425,CUST0198,2024-06-11
ORD00426,CUST0027,2024-02-18
ORD00427,CUST0284,2024-03-10
ORD00428,CUST0066,2024-09-24
ORD00429,CUST0088,2024-12-31
ORD00430,CUST0044,2024-11-23
ORD00431,CUST0295,2024-06-20
ORD00432,CUST0041,2024-06-13
ORD00433,CUST0021,2024-03-24
ORD00434,CUST0103,2024-06-06
ORD00435,CUST0253,2024-01-27
ORD00436,CUST0245,2024-12-14
ORD00437,CUST0093,2024-09-16
ORD00438,CUST0056,2024-10-16
ORD00439,CUST0069,2024-11-14
ORD00440,CUST0245,2024-03-02
ORD00441,CUST0051,2024-12-13
ORD00442,CUST0010,2024-02-12
ORD00443,CUST0023,2024-05-21
ORD00444,CUST0181,2024-08-23
ORD00445,CUST0018,2024-04-04
ORD00446,CUST0054,2024-11-26
ORD00447,CUST0265,2024-10-13
ORD00448,CUST0070,2024-09-28
ORD00449,CUST0279,2024-01-26
ORD00450,CUST0250,2024-03-11
ORD00451,CUST0157,2024-06-03
ORD00452,CUST0209,2024-11-25
ORD00453,CUST0161,2024-07-24
ORD00454,CUST0256,2024-11-11
ORD00455,CUST0081,2024-06-08
ORD00456,CUST0018,2024-08-25
ORD00457,CUST0275,2024-07-19
ORD00458,CUST0294,2024-12-29
ORD00459,CUST0125,2024-12-27
ORD00460,CUST0085,2024-01-23
ORD00461,CUST0002,2024-09-09
ORD00462,CUST0276,2024-12-01
ORD00463,CUST0132,2024-08-09
ORD00464,CUST0298,2024-09-18
ORD00465,CUST0259,2024-12-06
ORD00466,CUST0044,2024-04-23
ORD00467,CUST0046,2024-03-10
ORD00468,CUST0139,2024-12-07
ORD00469,CUST0278,2024-10-12
ORD00470,CUST0064,2024-04-18
ORD00471,CUST0073,2024-01-15
ORD00472,CUST0059,2024-11-14
ORD00473,CUST0004,2024-09-05
ORD00474,CUST0270,2024-05-28
ORD00475,CUST0112,2024-02-23
ORD00476,CUST0255,2024-08-22
ORD00477,CUST0267,2024-08-29
ORD00478,CUST0168,2024-10-22
ORD00479,CUST0097,2024-09-29
ORD00480,CUST0037,2024-12-12
ORD00481,CUST0100,2024-11-01
ORD00482,CUST0075,2024-04-18
ORD00483,CUST0136,2024-01-27
ORD00484,CUST0189,2024-09-18
ORD00485,CUST0230,2024-05-28
ORD00486,CUST0182,2024-03-30
ORD00487,CUST0235,2024-10-06
ORD00488,CUST0061,2024-12-24
ORD00489,CUST0008,2024-07-21
ORD00490,CUST0134,2024-01-10
ORD00491,CUST0227,2024-06-01
ORD00492,CUST0086,2024-08-23
ORD00493,CUST0231,2024-02-18
ORD00494,CUST0035,2024-07-07
ORD00495,CUST0016,2024-06-19
ORD00496,CUST0045,2024-10-29
ORD00497,CUST0245,2024-01-29
ORD00498,CUST0265,2024-01-30
ORD00499,CUST0204,2024-11-12
ORD00500,CUST0123,2024-03-14
ORD00501,CUST0281,2024-07-15
ORD00502,CUST0281,2024-07-13
ORD00503,CUST0235,2024-01-01
ORD00504,CUST0160,2024-01-17
ORD00505,CUST0174,2024-06-11
ORD00506,CUST0235,2024-01-01
ORD00507,CUST0069,2024-01-17
ORD00508,CUST0212,2024-02-07
ORD00509,CUST0168,2024-06-26
ORD00510,CUST0263,2024-11-03
ORD00511,CUST0050,2024-08-26
ORD00512,CUST0023,2024-11-05
ORD00513,CUST0213,2024-09-07
ORD00514,CUST0297,2024-08-28
ORD00515,CUST0137,2024-08-05
ORD00516,CUST0057,2024-02-26
ORD00517,CUST0257,2024-11-29
ORD00518,CUST0122,2024-09-22
ORD00519,CUST0016,2024-08-07
ORD00520,CUST0163,2024-08-15
ORD00521,CUST0260,2024-07-24
ORD00522,CUST0010,2024-12-23
ORD00523,CUST0076,2024-10-30
ORD00524,CUST0245,2024-04-28
ORD00525,CUST0079,2024-04-23
ORD00526,CUST0126,2024-02-07
ORD00527,CUST0280,2024-11-20
ORD00528,CUST0277,2024-06-28
ORD00529,CUST0280,2024-04-19
ORD00530,CUST0214,2024-01-09
ORD00531,CUST0235,2024-12-07
ORD00532,CUST0124,2024-03-16
ORD00533,CUST0137,2024-11-06
ORD00534,CUST0169,2024-09-17
ORD00535,CUST0101,2024-07-26
ORD00536,CUST0059,2024-02-16
ORD00537,CUST0160,2024-06-26
ORD00538,CUST0110,2024-05-06
ORD00539,CUST0070,2024-12-29
ORD00540,CUST0213,2024-03-11
ORD00541,CUST0234,2024-08-24
ORD00542,CUST0028,2024-01-26
ORD00543,CUST0102,2024-11-12
ORD00544,CUST0019,2024-03-11
ORD00545,CUST0149,2024-12-21
ORD00546,CUST0136,2024-12-05
ORD00547,CUST0238,2024-03-13
ORD00548,CUST0255,2024-06-14
ORD00549,CUST0247,2024-10-13
ORD00550,CUST0187,2024-05-16
ORD00551,CUST0134,2024-05-16
ORD00552,CUST0172,2024-03-23
ORD00553,CUST0025,2024-07-03
ORD00554,CUST0139,2024-03-07
ORD00555,CUST0076,2024-04-27
ORD00556,CUST0298,2024-08-24
ORD00557,CUST0182,2024-03-02
ORD00558,CUST0188,2024-04-09
ORD00559,CUST0241,2024-07-17
ORD00560,CUST0073,2024-11-26
ORD00561,CUST0019,2024-03-20
ORD00562,CUST0110,2024-01-25
ORD00563,CUST0065,2024-08-04
ORD00564,CUST0213,2024-09-13
ORD00565,CUST0298,2024-06-26
ORD00566,CUST0143,2024-07-11
ORD00567,CUST0108,2024-12-05
ORD00568,CUST0166,2024-05-02
ORD00569,CUST0108,2024-09-21
ORD00570,CUST0127,2024-12-11
ORD00571,CUST0213,2024-10-20
ORD00572,CUST0164,2024-10-06
ORD00573,CUST0246,2024-05-11
ORD00574,CUST0044,2024-08-14
ORD00575,CUST0178,2024-10-21
ORD00576,CUST0097,2024-12-14
ORD00577,CUST0299,2024-09-25
ORD00578,CUST0297,2024-06-18
ORD00579,CUST0017,2024-05-20
ORD00580,CUST0295,2024-07-29
ORD00581,CUST0297,2024-04-12
ORD00582,CUST0145,2024-05-23
ORD00583,CUST0002,2024-07-18
ORD00584,CUST0125,2024-05-18
ORD00585,CUST0139,2024-08-13
ORD00586,CUST0130,2024-06-29
ORD00587,CUST0167,2024-08-06
ORD00588,CUST0173,2024-08-23
ORD00589,CUST0255,2024-08-16
ORD00590,CUST0299,2024-10-23
ORD00591,CUST0196,2024-02-18
ORD00592,CUST0282,2024-12-20
ORD00593,CUST0054,2024-01-12
ORD00594,CUST0139,2024-04-18
ORD00595,CUST0209,2024-10-10
ORD00596,CUST0113,2024-04-01
ORD00597,CUST0163,2024-03-31
ORD00598,CUST0261,2024-12-01
ORD00599,CUST0028,2024-09-12
ORD00600,CUST0110,2024-04-13
ORD00601,CUST0070,2024-01-16
ORD00602,CUST0263,2024-10-31
ORD00603,CUST0201,2024-08-04
ORD00604,CUST0051,2024-08-31
ORD00605,CUST0076,2024-04-27
ORD00606,CUST0246,2024-07-22
ORD00607,CUST0288,2024-12-05
ORD00608,CUST0186,2024-11-10
ORD00609,CUST0264,2024-03-14
ORD00610,CUST0239,2024-11-16
ORD00611,CUST0153,2024-11-18
ORD00612,CUST0149,2024-09-04
ORD00613,CUST0223,2024-05-04
ORD00614,CUST0290,2024-07-27
ORD00615,CUST0194,2024-03-23
ORD00616,CUST0278,2024-11-24
ORD00617,CUST0292,2024-09-06
ORD00618,CUST0103,2024-08-15
ORD00619,CUST0171,2024-04-23
ORD00620,CUST0103,2024-06-20
ORD00621,CUST0285,2024-05-18
ORD00622,CUST0225,2024-06-29
ORD00623,CUST0004,2024-03-02
ORD00624,CUST0086,2024-05-18
ORD00625,CUST0148,2024-09-18
ORD00626,CUST0119,2024-09-21
ORD00627,CUST0010,2024-01-26
ORD00628,CUST0181,2024-08-28
ORD00629,CUST0298,2024-05-14
ORD00630,CUST0292,2024-04-14
ORD00631,CUST0055,2024-10-04
ORD00632,CUST0123,2024-02-29
ORD00633,CUST0132,2024-03-23
ORD00634,CUST0070,2024-09-24
ORD00635,CUST0004,2024-03-20
ORD00636,CUST0294,2024-04-28
ORD00637,CUST0117,2024-12-24
ORD00638,CUST0188,2024-12-31
ORD00639,CUST0133,2024-09-20
ORD00640,CUST0071,2024-10-02
ORD00641,CUST0208,2024-01-14
ORD00642,CUST0269,2024-03-17
ORD00643,CUST0300,2024-11-03
ORD00644,CUST0253,2024-01-13
ORD00645,CUST0248,2024-10-08
ORD00646,CUST0089,2024-05-03
ORD00647,CUST0115,2024-06-07
ORD00648,CUST0090,2024-04-25
ORD00649,CUST0146,2024-03-30
ORD00650,CUST0171,2024-03-10
ORD00651,CUST0026,2024-11-29
ORD00652,CUST0141,2024-10-11
ORD00653,CUST0192,2024-11-13
ORD00654,CUST0295,2024-09-15
ORD00655,CUST0228,2024-11-24
ORD00656,CUST0247,2024-11-30
ORD00657,CUST0296,2024-03-09
ORD00658,CUST0166,2024-05-14
ORD00659,CUST0079,2024-06-23
ORD00660,CUST0160,2024-12-19
ORD00661,CUST0062,2024-05-19
ORD00662,CUST0016,2024-03-13
ORD00663,CUST0126,2024-12-18
ORD00664,CUST0118,2024-01-07
ORD00665,CUST0247,2024-08-09
ORD00666,CUST0127,2024-02-18
ORD00667,CUST0130,2024-08-15
ORD00668,CUST0171,2024-08-14
ORD00669,CUST0174,2024-07-27
ORD00670,CUST0283,2024-05-08
ORD00671,CUST0020,2024-02-20
ORD00672,CUST0019,2024-01-06
ORD00673,CUST0087,2024-06-22
ORD00674,CUST0192,2024-11-03
ORD00675,CUST0270,2024-01-28
ORD00676,CUST0028,2024-01-21
ORD00677,CUST0084,2024-01-08
ORD00678,CUST0196,2024-12-22
ORD00679,CUST0266,2024-05-07
ORD00680,CUST0055,2024-04-05
ORD00681,CUST0131,2024-11-27
ORD00682,CUST0099,2024-11-10
ORD00683,CUST0150,2024-01-28
ORD00684,CUST0238,2024-05-19
ORD00685,CUST0005,2024-06-16
ORD00686,CUST0134,2024-03-09
ORD00687,CUST0267,2024-12-29
ORD00688,CUST0056,2024-07-07
ORD00689,CUST0142,2024-06-13
ORD00690,CUST0017,2024-11-17
ORD00691,CUST0177,2024-08-19
ORD00692,CUST0251,2024-12-15
ORD00693,CUST0020,2024-09-03
ORD00694,CUST0204,2024-03-01
ORD00695,CUST0183,2024-09-05
ORD00696,CUST0126,2024-10-02
ORD00697,CUST0101,2024-09-26
ORD00698,CUST0200,2024-01-09
ORD00699,CUST0136,2024-10-05
ORD00700,CUST0289,2024-06-17
ORD00701,CUST0067,2024-10-02
ORD00702,CUST0239,2024-08-11
ORD00703,CUST0300,2024-04-14
ORD00704,CUST0099,2024-05-02
ORD00705,CUST0032,2024-09-02
ORD00706,CUST0231,2024-02-19
ORD00707,CUST0199,2024-08-26
ORD00708,CUST0206,2024-05-17
ORD00709,CUST0023,2024-04-11
ORD00710,CUST0100,2024-05-07
ORD00711,CUST0147,2024-02-28
ORD00712,CUST0238,2024-04-24
ORD00713,CUST0040,2024-05-30
ORD00714,CUST0088,2024-02-11
ORD00715,CUST0139,2024-08-26
ORD00716,CUST0244,2024-04-24
ORD00717,CUST0062,2024-02-16
ORD00718,CUST0203,2024-11-17
ORD00719,CUST0046,2024-12-23
ORD00720,CUST0106,2024-01-16
ORD00721,CUST0240,2024-11-11
ORD00722,CUST0046,2024-01-03
ORD00723,CUST0222,2024-05-04
ORD00724,CUST0081,2024-12-26
ORD00725,CUST0277,2024-08-10
ORD00726,CUST0130,2024-11-23
ORD00727,CUST0173,2024-03-01
ORD00728,CUST0002,2024-03-16
ORD00729,CUST0061,2024-07-26
ORD00730,CUST0254,2024-02-23
ORD00731,CUST0122,2024-04-17
ORD00732,CUST0117,2024-10-10
ORD00733,CUST0256,2024-08-24
ORD00734,CUST0096,2024-06-13
ORD00735,CUST0070,2024-02-21
ORD00736,CUST0049,2024-01-12
ORD00737,CUST0290,2024-11-06
ORD00738,CUST0103,2024-03-04
ORD00739,CUST0186,2024-05-21
ORD00740,CUST0107,2024-10-12
ORD00741,CUST0245,2024-01-12
ORD00742,CUST0047,2024-11-01
ORD00743,CUST0029,2024-04-27
ORD00744,CUST0102,2024-05-30
ORD00745,CUST0194,2024-09-21
ORD00746,CUST0176,2024-12-08
ORD00747,CUST0055,2024-08-07
ORD00748,CUST0289,2024-12-11
ORD00749,CUST0152,2024-11-28
ORD00750,CUST0282,2024-08-22
ORD00751,CUST0164,2024-05-10
ORD00752,CUST0059,2024-08-21
ORD00753,CUST0022,2024-06-18
ORD00754,CUST0122,2024-12-30
ORD00755,CUST0007,2024-03-28
ORD00756,CUST0059,2024-09-30
ORD00757,CUST0158,2024-05-16
ORD00758,CUST0001,2024-03-20
ORD00759,CUST0106,2024-03-07
ORD00760,CUST0094,2024-06-02
ORD00761,CUST0187,2024-06-15
ORD00762,CUST0073,2024-07-04
ORD00763,CUST0192,2024-02-26
ORD00764,CUST0185,2024-02-24
ORD00765,CUST0218,2024-06-20
ORD00766,CUST0180,2024-07-26
ORD00767,CUST0058,2024-07-14
ORD00768,CUST0028,2024-09-15
ORD00769,CUST0040,2024-06-18
ORD00770,CUST0227,2024-11-12
ORD00771,CUST0289,2024-07-23
ORD00772,CUST0256,2024-02-02
ORD00773,CUST0246,2024-04-30
ORD00774,CUST0230,2024-06-09
ORD00775,CUST0222,2024-04-04
ORD00776,CUST0266,2024-04-14
ORD00777,CUST0031,2024-12-22
ORD00778,CUST0257,2024-07-23
ORD00779,CUST0185,2024-02-22
ORD00780,CUST0168,2024-02-28
ORD00781,CUST0164,2024-10-13
ORD00782,CUST0284,2024-11-07
ORD00783,CUST0286,2024-07-05
ORD00784,CUST0272,2024-09-20
ORD00785,CUST0001,2024-05-14
ORD00786,CUST0197,2024-09-10
ORD00787,CUST0220,2024-11-15
ORD00788,CUST0096,2024-06-26
ORD00789,CUST0114,2024-11-07
ORD00790,CUST0278,2024-08-26
ORD00791,CUST0272,2024-04-28
ORD00792,CUST0223,2024-11-20
ORD00793,CUST0094,2024-07-02
ORD00794,CUST0163,2024-06-01
ORD00795,CUST0088,2024-01-17
ORD00796,CUST0217,2024-01-11
ORD00797,CUST0280,2024-02-10
ORD00798,CUST0125,2024-03-29
ORD00799,CUST0015,2024-12-11
ORD00800,CUST0203,2024-08-21
ORD00801,CUST0268,2024-10-02
ORD00802,CUST0233,2024-05-24
ORD00803,CUST0234,2024-06-24
ORD00804,CUST0127,2024-06-24
ORD00805,CUST0064,2024-06-12
ORD00806,CUST0181,2024-06-10
ORD00807,CUST0208,2024-01-12
ORD00808,CUST0026,2024-07-17
ORD00809,CUST0249,2024-06-18
ORD00810,CUST0057,2024-12-08
ORD00811,CUST0026,2024-12-13
ORD00812,CUST0285,2024-07-06
ORD00813,CUST0169,2024-04-02
ORD00814,CUST0144,2024-09-27
ORD00815,CUST0043,2024-10-27
ORD00816,CUST0196,2024-09-19
ORD00817,CUST0080,2024-04-05
ORD00818,CUST0085,2024-12-06
ORD00819,CUST0071,2024-12-14
ORD00820,CUST0269,2024-05-31
ORD00821,CUST0299,2024-07-11
ORD00822,CUST0058,2024-07-25
ORD00823,CUST0133,2024-05-21
ORD00824,CUST0239,2024-01-21
ORD00825,CUST0029,2024-05-07
ORD00826,CUST0063,2024-05-14
ORD00827,CUST0034,2024-02-16
ORD00828,CUST0016,2024-11-18
ORD00829,CUST0106,2024-01-17
ORD00830,CUST0233,2024-03-26
ORD00831,CUST0222,2024-05-21
ORD00832,CUST0142,2024-10-23
ORD00833,CUST0237,2024-05-19
ORD00834,CUST0208,2024-08-30
ORD00835,CUST0190,2024-01-20
ORD00836,CUST0260,2024-11-08
ORD00837,CUST0159,2024-11-10
ORD00838,CUST0271,2024-05-09
ORD00839,CUST0061,2024-09-03
ORD00840,CUST0073,2024-07-16
ORD00841,CUST0199,2024-01-29
ORD00842,CUST0069,2024-07-01
ORD00843,CUST0107,2024-01-28
ORD00844,CUST0077,2024-09-14
ORD00845,CUST0080,2024-01-29
ORD00846,CUST0264,2024-05-19
ORD00847,CUST0204,2024-11-04
ORD00848,CUST0116,2024-12-14
ORD00849,CUST0134,2024-05-12
ORD00850,CUST0298,2024-11-19
ORD00851,CUST0145,2024-05-20
ORD00852,CUST0187,2024-11-24
ORD00853,CUST0025,2024-07-01
ORD00854,CUST0040,2024-02-15
ORD00855,CUST0167,2024-12-22
ORD00856,CUST0065,2024-05-01
ORD00857,CUST0052,2024-07-21
ORD00858,CUST0083,2024-01-29
ORD00859,CUST0162,2024-05-09
ORD00860,CUST0162,2024-11-17
ORD00861,CUST0233,2024-05-10
ORD00862,CUST0258,2024-08-17
ORD00863,CUST0189,2024-11-29
ORD00864,CUST0069,2024-07-28
ORD00865,CUST0186,2024-09-04
ORD00866,CUST0282,2024-09-12
ORD00867,CUST0151,2024-02-12
ORD00868,CUST0118,2024-05-11
ORD00869,CUST0242,2024-11-07
ORD00870,CUST0021,2024-02-29
ORD00871,CUST0246,2024-07-02
ORD00872,CUST0166,2024-08-06
ORD00873,CUST0249,2024-12-02
ORD00874,CUST0019,2024-10-05
ORD00875,CUST0271,2024-11-03
ORD00876,CUST0043,2024-11-24
ORD00877,CUST0205,2024-09-07
ORD00878,CUST0258,2024-11-30
ORD00879,CUST0013,2024-01-05
ORD00880,CUST0167,2024-11-10
ORD00881,CUST0062,2024-07-05
ORD00882,CUST0158,2024-03-10
ORD00883,CUST0127,2024-11-13
ORD00884,CUST0054,2024-06-14
ORD00885,CUST0276,2024-04-23
ORD00886,CUST0284,2024-09-07
ORD00887,CUST0205,2024-09-12
ORD00888,CUST0180,2024-05-31
ORD00889,CUST0088,2024-12-02
ORD00890,CUST0158,2024-07-18
ORD00891,CUST0101,2024-02-14
ORD00892,CUST0126,2024-08-05
ORD00893,CUST0016,2024-11-20
ORD00894,CUST0175,2024-03-05
ORD00895,CUST0022,2024-06-30
ORD00896,CUST0226,2024-05-25
ORD00897,CUST0116,2024-09-05
ORD00898,CUST0228,2024-11-27
ORD00899,CUST0008,2024-08-14
ORD00900,CUST0298,2024-12-22
ORD00901,CUST0139,2024-06-26
ORD00902,CUST0060,2024-05-18
ORD00903,CUST0130,2024-10-08
ORD00904,CUST0020,2024-04-20
ORD00905,CUST0076,2024-01-06
ORD00906,CUST0243,2024-03-15
ORD00907,CUST0228,2024-09-01
ORD00908,CUST0269,2024-12-26
ORD00909,CUST0055,2024-03-04
ORD00910,CUST0155,2024-03-09
ORD00911,CUST0145,2024-01-24
ORD00912,CUST0117,2024-04-08
ORD00913,CUST0067,2024-08-07
ORD00914,CUST0114,2024-02-08
ORD00915,CUST0152,2024-04-12
ORD00916,CUST0157,2024-08-04
ORD00917,CUST0042,2024-12-26
ORD00918,CUST0133,2024-12-13
ORD00919,CUST0277,2024-05-21
ORD00920,CUST0128,2024-05-31
ORD00921,CUST0042,2024-12-29
ORD00922,CUST0079,2024-04-22
ORD00923,CUST0175,2024-12-09
ORD00924,CUST0202,2024-08-10
ORD00925,CUST0195,2024-06-19
ORD00926,CUST0187,2024-04-21
ORD00927,CUST0113,2024-09-14
ORD00928,CUST0223,2024-02-04
ORD00929,CUST0250,2024-11-07
ORD00930,CUST0196,2024-11-28
ORD00931,CUST0231,2024-05-04
ORD00932,CUST0273,2024-12-04
ORD00933,CUST0059,2024-08-15
ORD00934,CUST0018,2024-01-12
ORD00935,CUST0201,2024-06-01
ORD00936,CUST0053,2024-12-28
ORD00937,CUST0160,2024-08-31
ORD00938,CUST0020,2024-12-24
ORD00939,CUST0061,2024-11-21
ORD00940,CUST0100,2024-07-05
ORD00941,CUST0148,2024-02-15
ORD00942,CUST0240,2024-08-29
ORD00943,CUST0229,2024-03-03
ORD00944,CUST0240,2024-03-26
ORD00945,CUST0232,2024-09-12
ORD00946,CUST0202,2024-11-13
ORD00947,CUST0169,2024-04-29
ORD00948,CUST0234,2024-04-12
ORD00949,CUST0280,2024-04-20
ORD00950,CUST0061,2024-11-28
ORD00951,CUST0166,2024-04-06
ORD00952,CUST0031,2024-02-07
ORD00953,CUST0051,2024-10-05
ORD00954,CUST0037,2024-09-10
ORD00955,CUST0244,2024-06-29
ORD00956,CUST0245,2024-05-21
ORD00957,CUST0280,2024-03-20
ORD00958,CUST0182,2024-12-20
ORD00959,CUST0272,2024-09-17
ORD00960,CUST0144,2024-01-03
ORD00961,CUST0243,2024-04-25
ORD00962,CUST0077,2024-03-14
ORD00963,CUST0082,2024-09-23
ORD00964,CUST0241,2024-12-16
ORD00965,CUST0175,2024-03-06
ORD00966,CUST0161,2024-03-30
ORD00967,CUST0202,2024-09-14
ORD00968,CUST0194,2024-05-18
ORD00969,CUST0287,2024-03-11
ORD00970,CUST0202,2024-03-01
ORD00971,CUST0220,2024-04-04
ORD00972,CUST0020,2024-03-03
ORD00973,CUST0093,2024-10-08
ORD00974,CUST0143,2024-12-29
ORD00975,CUST0013,2024-10-10
ORD00976,CUST0022,2024-08-21
ORD00977,CUST0081,2024-02-14
ORD00978,CUST0108,2024-10-24
ORD00979,CUST0228,2024-11-24
ORD00980,CUST0243,2024-08-02
ORD00981,CUST0239,2024-05-16
ORD00982,CUST0085,2024-01-21
ORD00983,CUST0284,2024-09-13
ORD00984,CUST0128,2024-03-10
ORD00985,CUST0248,2024-01-09
ORD00986,CUST0031,2024-01-14
ORD00987,CUST0213,2024-05-31
ORD00988,CUST0135,2024-11-30
ORD00989,CUST0162,2024-10-07
ORD00990,CUST0264,2024-05-16
ORD00991,CUST0081,2024-07-23
ORD00992,CUST0177,2024-08-16
ORD00993,CUST0248,2024-01-20
ORD00994,CUST0297,2024-08-16
ORD00995,CUST0047,2024-04-09
ORD00996,CUST0056,2024-06-16
ORD00997,CUST0086,2024-06-07
ORD00998,CUST0026,2024-02-11
ORD00999,CUST0049,2024-11-17
ORD01000,CUST0141,2024-09-10
