order_id,product_id,quantity,unit_price,discount
ORD00001,PROD006,3,1047,0.08
ORD00001,PROD004,3,1905,0.16
ORD00001,PROD004,1,1905,0.07
ORD00001,PROD007,3,870,0.23
ORD00002,PROD006,3,1047,0.22
ORD00002,PROD012,5,215,0.2
ORD00002,PROD008,2,1365,0.23
ORD00003,PROD002,1,1459,0.18
ORD00003,PROD002,5,1459,0.01
ORD00004,PROD002,4,1459,0.26
ORD00004,PROD005,2,587,0.12
ORD00005,PROD002,4,1459,0.28
ORD00005,PROD003,2,1220,0.17
ORD00005,PROD008,5,1365,0.17
ORD00005,PROD008,2,1365,0.09
ORD00006,PROD003,4,1220,0.22
ORD00006,PROD002,1,1459,0.11
ORD00007,PROD008,2,1365,0.09
ORD00007,PROD009,1,796,0.23
ORD00008,PROD004,3,1905,0.18
ORD00009,PROD001,4,1723,0.04
ORD00009,PROD009,4,796,0.11
ORD00009,PROD007,2,870,0.19
ORD00009,PROD006,1,1047,0.12
ORD00010,PROD006,4,1047,0.02
ORD00011,PROD011,3,1093,0.1
ORD00012,PROD010,4,321,0.11
ORD00012,PROD002,5,1459,0.06
ORD00012,PROD004,3,1905,0.16
ORD00013,PROD006,2,1047,0.01
ORD00014,PROD010,2,321,0.27
ORD00014,PROD007,2,870,0.1
ORD00014,PROD011,3,1093,0.03
ORD00014,PROD001,3,1723,0.08
ORD00015,PROD006,5,1047,0.28
ORD00016,PROD002,4,1459,0.03
ORD00017,PROD010,5,321,0.11
ORD00017,PROD003,2,1220,0.05
ORD00017,PROD005,4,587,0.23
ORD00017,PROD008,2,1365,0.21
ORD00018,PROD012,1,215,0.15
ORD00018,PROD005,1,587,0.16
ORD00018,PROD001,5,1723,0.06
ORD00018,PROD005,2,587,0.21
ORD00019,PROD008,2,1365,0.13
ORD00019,PROD003,2,1220,0.25
ORD00019,PROD003,3,1220,0.24
ORD00019,PROD011,1,1093,0.2
ORD00020,PROD003,5,1220,0.13
ORD00020,PROD008,4,1365,0.09
ORD00020,PROD011,5,1093,0.21
ORD00020,PROD004,2,1905,0.28
ORD00021,PROD005,2,587,0.03
ORD00021,PROD003,2,1220,0.1
ORD00021,PROD012,1,215,0.3
ORD00022,PROD004,2,1905,0.26
ORD00022,PROD001,5,1723,0.09
ORD00022,PROD004,3,1905,0.14
ORD00023,PROD002,3,1459,0.16
ORD00023,PROD006,5,1047,0.18
ORD00023,PROD007,1,870,0.05
ORD00024,PROD010,3,321,0.14
ORD00024,PROD008,1,1365,0.0
ORD00025,PROD001,3,1723,0.09
ORD00025,PROD010,2,321,0.07
ORD00025,PROD002,1,1459,0.06
ORD00025,PROD008,2,1365,0.21
ORD00026,PROD002,3,1459,0.04
ORD00026,PROD007,2,870,0.11
ORD00026,PROD010,4,321,0.11
ORD00027,PROD002,5,1459,0.13
ORD00027,PROD001,3,1723,0.2
ORD00028,PROD005,1,587,0.07
ORD00029,PROD007,3,870,0.19
ORD00029,PROD002,2,1459,0.12
ORD00029,PROD009,4,796,0.1
ORD00029,PROD007,3,870,0.08
ORD00030,PROD004,4,1905,0.04
ORD00030,PROD001,2,1723,0.04
ORD00030,PROD007,2,870,0.13
ORD00031,PROD003,2,1220,0.24
ORD00031,PROD006,4,1047,0.18
ORD00031,PROD005,3,587,0.23
ORD00031,PROD012,4,215,0.07
ORD00032,PROD010,1,321,0.01
ORD00032,PROD003,3,1220,0.14
ORD00033,PROD006,4,1047,0.03
ORD00033,PROD006,2,1047,0.03
ORD00034,PROD007,5,870,0.18
ORD00035,PROD001,4,1723,0.18
ORD00035,PROD011,1,1093,0.14
ORD00036,PROD012,1,215,0.12
ORD00036,PROD006,3,1047,0.1
ORD00037,PROD008,3,1365,0.27
ORD00037,PROD012,2,215,0.27
ORD00037,PROD010,5,321,0.02
ORD00038,PROD008,3,1365,0.15
ORD00038,PROD007,4,870,0.13
ORD00039,PROD005,2,587,0.04
ORD00039,PROD002,4,1459,0.13
ORD00040,PROD006,3,1047,0.06
ORD00041,PROD008,2,1365,0.11
ORD00041,PROD012,2,215,0.03
ORD00041,PROD007,5,870,0.04
ORD00042,PROD005,5,587,0.28
ORD00042,PROD011,3,1093,0.13
ORD00042,PROD009,4,796,0.01
ORD00042,PROD012,3,215,0.13
ORD00043,PROD007,4,870,0.22
ORD00043,PROD009,3,796,0.09
ORD00043,PROD008,4,1365,0.2
ORD00043,PROD001,1,1723,0.2
ORD00044,PROD006,1,1047,0.19
ORD00045,PROD003,2,1220,0.04
ORD00046,PROD003,4,1220,0.22
ORD00046,PROD004,3,1905,0.2
ORD00047,PROD009,3,796,0.28
ORD00047,PROD012,3,215,0.07
ORD00047,PROD011,1,1093,0.07
ORD00048,PROD011,2,1093,0.09
ORD00049,PROD012,1,215,0.14
ORD00049,PROD008,4,1365,0.23
ORD00049,PROD001,3,1723,0.18
ORD00050,PROD003,4,1220,0.11
ORD00050,PROD004,4,1905,0.17
ORD00051,PROD003,2,1220,0.04
ORD00051,PROD001,4,1723,0.14
ORD00052,PROD004,1,1905,0.16
ORD00052,PROD002,2,1459,0.27
ORD00052,PROD002,5,1459,0.19
ORD00053,PROD009,1,796,0.1
ORD00053,PROD001,3,1723,0.05
ORD00053,PROD010,2,321,0.25
ORD00053,PROD002,3,1459,0.01
ORD00054,PROD007,2,870,0.1
ORD00054,PROD008,2,1365,0.27
ORD00054,PROD011,4,1093,0.01
ORD00054,PROD011,1,1093,0.2
ORD00055,PROD002,1,1459,0.21
ORD00055,PROD008,2,1365,0.04
ORD00055,PROD005,4,587,0.05
ORD00055,PROD009,1,796,0.2
ORD00056,PROD005,1,587,0.23
ORD00057,PROD002,1,1459,0.15
ORD00057,PROD007,2,870,0.02
ORD00058,PROD012,5,215,0.15
ORD00058,PROD001,3,1723,0.3
ORD00059,PROD006,5,1047,0.08
ORD00059,PROD012,5,215,0.09
ORD00059,PROD012,4,215,0.15
ORD00060,PROD012,3,215,0.23
ORD00060,PROD012,2,215,0.2
ORD00060,PROD010,5,321,0.16
ORD00060,PROD003,4,1220,0.04
ORD00061,PROD011,2,1093,0.29
ORD00061,PROD012,4,215,0.02
ORD00061,PROD007,1,870,0.14
ORD00062,PROD003,1,1220,0.03
ORD00062,PROD004,3,1905,0.24
ORD00062,PROD008,3,1365,0.1
ORD00062,PROD002,2,1459,0.28
ORD00063,PROD008,3,1365,0.13
ORD00064,PROD011,4,1093,0.06
ORD00064,PROD003,4,1220,0.27
ORD00064,PROD001,3,1723,0.19
ORD00065,PROD007,5,870,0.06
ORD00066,PROD008,1,1365,0.11
ORD00066,PROD005,4,587,0.06
ORD00066,PROD005,5,587,0.25
ORD00066,PROD009,1,796,0.22
ORD00067,PROD011,2,1093,0.05
ORD00067,PROD012,5,215,0.05
ORD00067,PROD001,2,1723,0.18
ORD00068,PROD011,4,1093,0.26
ORD00068,PROD008,3,1365,0.09
ORD00068,PROD001,4,1723,0.04
ORD00068,PROD012,3,215,0.25
ORD00069,PROD005,3,587,0.05
ORD00069,PROD003,3,1220,0.29
ORD00069,PROD007,5,870,0.14
ORD00070,PROD002,2,1459,0.29
ORD00070,PROD005,1,587,0.2
ORD00070,PROD005,4,587,0.07
ORD00070,PROD012,2,215,0.13
ORD00071,PROD006,4,1047,0.24
ORD00071,PROD001,5,1723,0.21
ORD00071,PROD007,2,870,0.0
ORD00071,PROD003,3,1220,0.22
ORD00072,PROD004,3,1905,0.28
ORD00073,PROD002,3,1459,0.28
ORD00074,PROD003,1,1220,0.06
ORD00074,PROD012,2,215,0.28
ORD00075,PROD011,4,1093,0.18
ORD00075,PROD012,3,215,0.2
ORD00075,PROD012,3,215,0.08
ORD00075,PROD001,4,1723,0.25
ORD00076,PROD010,1,321,0.02
ORD00077,PROD001,3,1723,0.2
ORD00077,PROD007,4,870,0.02
ORD00077,PROD004,3,1905,0.09
ORD00077,PROD008,4,1365,0.18
ORD00078,PROD011,4,1093,0.26
ORD00078,PROD008,3,1365,0.24
ORD00078,PROD001,5,1723,0.27
ORD00078,PROD011,5,1093,0.27
ORD00079,PROD005,3,587,0.11
ORD00079,PROD002,3,1459,0.09
ORD00079,PROD008,1,1365,0.15
ORD00079,PROD009,2,796,0.14
ORD00080,PROD003,4,1220,0.15
ORD00080,PROD011,3,1093,0.04
ORD00081,PROD012,1,215,0.07
ORD00081,PROD006,2,1047,0.06
ORD00082,PROD008,2,1365,0.09
ORD00082,PROD008,1,1365,0.04
ORD00082,PROD003,4,1220,0.2
ORD00083,PROD009,1,796,0.18
ORD00084,PROD007,5,870,0.02
ORD00084,PROD009,1,796,0.12
ORD00084,PROD009,5,796,0.24
ORD00084,PROD001,2,1723,0.09
ORD00085,PROD012,1,215,0.13
ORD00086,PROD012,1,215,0.04
ORD00087,PROD008,4,1365,0.02
ORD00087,PROD006,1,1047,0.25
ORD00087,PROD007,5,870,0.1
ORD00087,PROD009,4,796,0.13
ORD00088,PROD002,5,1459,0.16
ORD00089,PROD008,2,1365,0.28
ORD00089,PROD003,2,1220,0.23
ORD00089,PROD010,5,321,0.27
ORD00089,PROD005,5,587,0.05
ORD00090,PROD006,5,1047,0.23
ORD00090,PROD003,3,1220,0.16
ORD00090,PROD009,4,796,0.29
ORD00091,PROD010,5,321,0.24
ORD00091,PROD005,2,587,0.25
ORD00092,PROD012,1,215,0.12
ORD00092,PROD004,3,1905,0.01
ORD00093,PROD012,3,215,0.26
ORD00093,PROD006,3,1047,0.06
ORD00093,PROD010,1,321,0.04
ORD00093,PROD005,5,587,0.19
ORD00094,PROD003,3,1220,0.03
ORD00094,PROD009,4,796,0.09
ORD00094,PROD005,2,587,0.11
ORD00095,PROD012,4,215,0.06
ORD00095,PROD001,2,1723,0.27
ORD00095,PROD011,1,1093,0.03
ORD00096,PROD011,3,1093,0.02
ORD00096,PROD005,3,587,0.0
ORD00096,PROD002,4,1459,0.01
ORD00097,PROD010,1,321,0.22
ORD00097,PROD008,3,1365,0.01
ORD00098,PROD007,4,870,0.07
ORD00099,PROD006,4,1047,0.28
ORD00100,PROD008,3,1365,0.02
ORD00100,PROD005,2,587,0.01
ORD00100,PROD011,3,1093,0.11
ORD00101,PROD011,2,1093,0.11
ORD00101,PROD005,5,587,0.12
ORD00101,PROD005,5,587,0.17
ORD00102,PROD005,4,587,0.29
ORD00102,PROD007,2,870,0.19
ORD00102,PROD006,1,1047,0.13
ORD00103,PROD007,1,870,0.1
ORD00103,PROD004,4,1905,0.06
ORD00103,PROD005,5,587,0.06
ORD00104,PROD002,5,1459,0.14
ORD00104,PROD002,2,1459,0.19
ORD00104,PROD012,1,215,0.06
ORD00105,PROD006,3,1047,0.06
ORD00105,PROD004,1,1905,0.04
ORD00105,PROD006,1,1047,0.29
ORD00105,PROD002,2,1459,0.06
ORD00106,PROD004,1,1905,0.14
ORD00106,PROD008,4,1365,0.23
ORD00106,PROD008,1,1365,0.27
ORD00107,PROD005,3,587,0.29
ORD00108,PROD010,1,321,0.02
ORD00109,PROD003,1,1220,0.24
ORD00109,PROD008,1,1365,0.2
ORD00109,PROD002,1,1459,0.07
ORD00110,PROD012,5,215,0.16
ORD00110,PROD002,1,1459,0.14
ORD00110,PROD001,5,1723,0.04
ORD00111,PROD003,4,1220,0.25
ORD00112,PROD006,5,1047,0.22
ORD00112,PROD010,5,321,0.15
ORD00112,PROD012,4,215,0.28
ORD00113,PROD004,3,1905,0.06
ORD00114,PROD005,1,587,0.06
ORD00114,PROD003,5,1220,0.0
ORD00114,PROD004,3,1905,0.24
ORD00114,PROD012,2,215,0.08
ORD00115,PROD005,2,587,0.15
ORD00115,PROD004,1,1905,0.04
ORD00115,PROD011,3,1093,0.21
ORD00116,PROD006,4,1047,0.25
ORD00116,PROD002,3,1459,0.03
ORD00116,PROD005,3,587,0.03
ORD00117,PROD002,5,1459,0.26
ORD00117,PROD012,2,215,0.04
ORD00118,PROD004,2,1905,0.07
ORD00118,PROD005,3,587,0.24
ORD00118,PROD006,1,1047,0.06
ORD00119,PROD009,2,796,0.03
ORD00119,PROD011,3,1093,0.05
ORD00119,PROD001,2,1723,0.21
ORD00120,PROD005,2,587,0.17
ORD00120,PROD008,5,1365,0.27
ORD00120,PROD010,5,321,0.08
ORD00121,PROD007,4,870,0.13
ORD00121,PROD004,5,1905,0.08
ORD00121,PROD003,5,1220,0.27
ORD00121,PROD003,1,1220,0.11
ORD00122,PROD005,1,587,0.21
ORD00122,PROD007,2,870,0.04
ORD00122,PROD006,2,1047,0.09
ORD00122,PROD011,2,1093,0.27
ORD00123,PROD005,1,587,0.01
ORD00123,PROD001,1,1723,0.15
ORD00123,PROD011,5,1093,0.02
ORD00124,PROD009,4,796,0.05
ORD00124,PROD003,1,1220,0.18
ORD00125,PROD001,2,1723,0.09
ORD00125,PROD001,3,1723,0.27
ORD00125,PROD010,3,321,0.28
ORD00125,PROD008,2,1365,0.05
ORD00126,PROD005,4,587,0.2
ORD00127,PROD002,3,1459,0.12
ORD00127,PROD010,5,321,0.03
ORD00127,PROD004,5,1905,0.26
ORD00127,PROD009,1,796,0.1
ORD00128,PROD006,1,1047,0.19
ORD00128,PROD004,3,1905,0.15
ORD00129,PROD006,1,1047,0.07
ORD00129,PROD010,4,321,0.13
ORD00129,PROD007,5,870,0.12
ORD00129,PROD008,5,1365,0.22
ORD00130,PROD010,5,321,0.2
ORD00130,PROD011,5,1093,0.06
ORD00131,PROD012,4,215,0.06
ORD00132,PROD012,2,215,0.12
ORD00132,PROD006,3,1047,0.15
ORD00132,PROD009,1,796,0.02
ORD00133,PROD012,4,215,0.19
ORD00133,PROD009,4,796,0.26
ORD00134,PROD009,5,796,0.16
ORD00135,PROD010,5,321,0.04
ORD00135,PROD012,5,215,0.11
ORD00136,PROD009,3,796,0.26
ORD00136,PROD002,3,1459,0.1
ORD00137,PROD005,4,587,0.22
ORD00138,PROD003,2,1220,0.22
ORD00139,PROD003,1,1220,0.19
ORD00139,PROD011,1,1093,0.24
ORD00139,PROD008,5,1365,0.05
ORD00139,PROD007,5,870,0.09
ORD00140,PROD010,4,321,0.09
ORD00140,PROD009,1,796,0.24
ORD00140,PROD009,4,796,0.05
ORD00140,PROD006,5,1047,0.11
ORD00141,PROD007,4,870,0.05
ORD00142,PROD002,4,1459,0.22
ORD00142,PROD012,5,215,0.15
ORD00143,PROD009,1,796,0.14
ORD00144,PROD010,5,321,0.06
ORD00145,PROD001,3,1723,0.22
ORD00145,PROD006,4,1047,0.25
ORD00146,PROD007,1,870,0.05
ORD00146,PROD010,2,321,0.05
ORD00146,PROD009,1,796,0.23
ORD00147,PROD003,4,1220,0.18
ORD00147,PROD001,4,1723,0.15
ORD00147,PROD007,4,870,0.06
ORD00147,PROD006,4,1047,0.19
ORD00148,PROD007,2,870,0.17
ORD00148,PROD002,3,1459,0.21
ORD00148,PROD008,3,1365,0.08
ORD00149,PROD008,5,1365,0.02
ORD00149,PROD011,2,1093,0.11
ORD00150,PROD010,4,321,0.23
ORD00150,PROD004,3,1905,0.28
ORD00151,PROD002,1,1459,0.26
ORD00151,PROD003,1,1220,0.05
ORD00151,PROD010,1,321,0.04
ORD00152,PROD009,2,796,0.2
ORD00153,PROD006,4,1047,0.06
ORD00153,PROD011,5,1093,0.12
ORD00154,PROD009,4,796,0.05
ORD00154,PROD006,3,1047,0.09
ORD00154,PROD010,4,321,0.24
ORD00154,PROD010,1,321,0.25
ORD00155,PROD003,4,1220,0.15
ORD00156,PROD006,2,1047,0.11
ORD00156,PROD003,2,1220,0.12
ORD00156,PROD011,4,1093,0.01
ORD00157,PROD006,3,1047,0.14
ORD00157,PROD006,2,1047,0.21
ORD00157,PROD009,2,796,0.05
ORD00158,PROD008,3,1365,0.22
ORD00158,PROD006,1,1047,0.12
ORD00158,PROD008,5,1365,0.18
ORD00159,PROD008,5,1365,0.15
ORD00159,PROD001,2,1723,0.11
ORD00159,PROD002,4,1459,0.12
ORD00159,PROD011,4,1093,0.07
ORD00160,PROD010,3,321,0.22
ORD00161,PROD004,2,1905,0.14
ORD00161,PROD007,2,870,0.01
ORD00161,PROD011,4,1093,0.28
ORD00161,PROD004,2,1905,0.04
ORD00162,PROD010,2,321,0.18
ORD00163,PROD002,4,1459,0.08
ORD00163,PROD005,1,587,0.15
ORD00164,PROD012,1,215,0.22
ORD00165,PROD010,4,321,0.12
ORD00165,PROD006,5,1047,0.24
ORD00166,PROD011,3,1093,0.17
ORD00166,PROD012,1,215,0.05
ORD00166,PROD005,1,587,0.05
ORD00166,PROD012,4,215,0.13
ORD00167,PROD004,5,1905,0.08
ORD00167,PROD003,2,1220,0.2
ORD00167,PROD009,4,796,0.26
ORD00167,PROD010,2,321,0.2
ORD00168,PROD005,2,587,0.08
ORD00168,PROD004,5,1905,0.28
ORD00168,PROD003,1,1220,0.27
ORD00168,PROD004,2,1905,0.12
ORD00169,PROD010,5,321,0.06
ORD00169,PROD009,3,796,0.05
ORD00170,PROD011,2,1093,0.16
ORD00170,PROD004,5,1905,0.11
ORD00171,PROD008,1,1365,0.29
ORD00172,PROD007,5,870,0.2
ORD00172,PROD005,1,587,0.17
ORD00172,PROD012,2,215,0.15
ORD00173,PROD006,2,1047,0.08
ORD00173,PROD001,5,1723,0.06
ORD00173,PROD001,1,1723,0.24
ORD00174,PROD005,2,587,0.06
ORD00174,PROD005,3,587,0.25
ORD00174,PROD004,4,1905,0.21
ORD00174,PROD010,4,321,0.06
ORD00175,PROD010,2,321,0.2
ORD00175,PROD009,2,796,0.1
ORD00175,PROD009,4,796,0.09
ORD00175,PROD006,3,1047,0.03
ORD00176,PROD010,1,321,0.23
ORD00177,PROD006,2,1047,0.25
ORD00177,PROD002,4,1459,0.11
ORD00178,PROD007,5,870,0.01
ORD00178,PROD011,1,1093,0.07
ORD00179,PROD010,5,321,0.04
ORD00179,PROD009,3,796,0.26
ORD00179,PROD003,4,1220,0.21
ORD00179,PROD006,3,1047,0.21
ORD00180,PROD009,1,796,0.13
ORD00180,PROD004,2,1905,0.12
ORD00181,PROD009,4,796,0.25
ORD00181,PROD008,2,1365,0.17
ORD00182,PROD010,4,321,0.11
ORD00182,PROD005,3,587,0.11
ORD00183,PROD004,5,1905,0.28
ORD00183,PROD002,2,1459,0.12
ORD00184,PROD002,1,1459,0.24
ORD00185,PROD001,3,1723,0.29
ORD00185,PROD009,2,796,0.29
ORD00186,PROD011,1,1093,0.19
ORD00186,PROD010,3,321,0.11
ORD00186,PROD007,5,870,0.17
ORD00186,PROD010,2,321,0.27
ORD00187,PROD002,1,1459,0.05
ORD00187,PROD001,3,1723,0.12
ORD00188,PROD007,1,870,0.17
ORD00188,PROD011,4,1093,0.08
ORD00188,PROD009,3,796,0.12
ORD00189,PROD009,2,796,0.06
ORD00189,PROD002,1,1459,0.14
ORD00190,PROD007,5,870,0.01
ORD00190,PROD005,5,587,0.24
ORD00190,PROD009,1,796,0.17
ORD00191,PROD001,3,1723,0.02
ORD00191,PROD003,3,1220,0.22
ORD00191,PROD001,2,1723,0.23
ORD00191,PROD001,1,1723,0.27
ORD00192,PROD010,5,321,0.25
ORD00192,PROD010,3,321,0.15
ORD00192,PROD011,3,1093,0.07
ORD00192,PROD004,3,1905,0.11
ORD00193,PROD002,1,1459,0.01
ORD00193,PROD004,4,1905,0.23
ORD00193,PROD007,4,870,0.08
ORD00194,PROD006,1,1047,0.29
ORD00194,PROD002,5,1459,0.01
ORD00194,PROD012,1,215,0.07
ORD00195,PROD006,4,1047,0.14
ORD00195,PROD002,2,1459,0.07
ORD00195,PROD006,1,1047,0.27
ORD00195,PROD002,5,1459,0.18
ORD00196,PROD007,4,870,0.25
ORD00197,PROD008,4,1365,0.13
ORD00197,PROD001,2,1723,0.19
ORD00198,PROD009,1,796,0.01
ORD00198,PROD009,2,796,0.13
ORD00198,PROD006,4,1047,0.15
ORD00199,PROD001,3,1723,0.16
ORD00199,PROD011,3,1093,0.12
ORD00199,PROD003,3,1220,0.2
ORD00200,PROD012,5,215,0.1
ORD00200,PROD009,4,796,0.24
ORD00200,PROD007,4,870,0.13
ORD00200,PROD009,5,796,0.28
ORD00201,PROD011,4,1093,0.04
ORD00201,PROD002,1,1459,0.1
ORD00202,PROD011,3,1093,0.11
ORD00202,PROD009,3,796,0.17
ORD00203,PROD001,2,1723,0.29
ORD00203,PROD006,2,1047,0.2
ORD00204,PROD010,5,321,0.07
ORD00204,PROD011,2,1093,0.1
ORD00204,PROD009,2,796,0.25
ORD00205,PROD011,2,1093,0.25
ORD00205,PROD002,5,1459,0.13
ORD00205,PROD003,4,1220,0.24
ORD00205,PROD007,2,870,0.03
ORD00206,PROD004,3,1905,0.03
ORD00207,PROD001,2,1723,0.07
ORD00207,PROD003,5,1220,0.09
ORD00208,PROD003,4,1220,0.21
ORD00208,PROD009,1,796,0.22
ORD00208,PROD006,1,1047,0.09
ORD00209,PROD005,1,587,0.15
ORD00210,PROD012,5,215,0.22
ORD00210,PROD012,5,215,0.25
ORD00211,PROD005,4,587,0.2
ORD00212,PROD005,4,587,0.11
ORD00213,PROD005,3,587,0.11
ORD00213,PROD002,5,1459,0.22
ORD00213,PROD010,5,321,0.04
ORD00214,PROD008,2,1365,0.3
ORD00215,PROD009,1,796,0.06
ORD00216,PROD010,2,321,0.09
ORD00217,PROD012,1,215,0.1
ORD00218,PROD003,3,1220,0.27
ORD00218,PROD007,5,870,0.0
ORD00218,PROD010,3,321,0.21
ORD00218,PROD011,5,1093,0.06
ORD00219,PROD003,1,1220,0.13
ORD00219,PROD002,1,1459,0.15
ORD00219,PROD001,4,1723,0.23
ORD00219,PROD008,2,1365,0.01
ORD00220,PROD006,1,1047,0.21
ORD00221,PROD006,5,1047,0.16
ORD00222,PROD006,1,1047,0.25
ORD00222,PROD012,5,215,0.1
ORD00223,PROD009,1,796,0.19
ORD00224,PROD009,2,796,0.29
ORD00224,PROD003,2,1220,0.13
ORD00224,PROD010,5,321,0.28
ORD00224,PROD005,4,587,0.1
ORD00225,PROD008,3,1365,0.26
ORD00225,PROD003,4,1220,0.18
ORD00225,PROD001,3,1723,0.22
ORD00225,PROD011,2,1093,0.17
ORD00226,PROD011,5,1093,0.17
ORD00226,PROD006,3,1047,0.1
ORD00226,PROD006,5,1047,0.02
ORD00227,PROD005,1,587,0.23
ORD00227,PROD012,3,215,0.08
ORD00227,PROD008,4,1365,0.17
ORD00227,PROD005,2,587,0.3
ORD00228,PROD010,5,321,0.19
ORD00229,PROD005,2,587,0.26
ORD00229,PROD001,4,1723,0.18
ORD00230,PROD006,1,1047,0.04
ORD00230,PROD002,4,1459,0.11
ORD00230,PROD003,4,1220,0.07
ORD00231,PROD006,4,1047,0.18
ORD00231,PROD001,1,1723,0.07
ORD00232,PROD008,2,1365,0.02
ORD00233,PROD007,1,870,0.2
ORD00233,PROD003,4,1220,0.13
ORD00234,PROD009,1,796,0.19
ORD00234,PROD012,4,215,0.21
ORD00234,PROD004,1,1905,0.07
ORD00234,PROD010,5,321,0.26
ORD00235,PROD002,5,1459,0.04
ORD00235,PROD004,1,1905,0.11
ORD00236,PROD004,3,1905,0.28
ORD00236,PROD005,4,587,0.17
ORD00236,PROD009,1,796,0.24
ORD00236,PROD010,3,321,0.25
ORD00237,PROD006,5,1047,0.01
ORD00237,PROD010,5,321,0.04
ORD00238,PROD004,4,1905,0.14
ORD00238,PROD001,3,1723,0.18
ORD00238,PROD010,1,321,0.16
ORD00239,PROD002,5,1459,0.03
ORD00239,PROD001,1,1723,0.05
ORD00239,PROD009,1,796,0.13
ORD00239,PROD001,1,1723,0.07
ORD00240,PROD011,5,1093,0.22
ORD00240,PROD003,3,1220,0.27
ORD00240,PROD007,5,870,0.14
ORD00241,PROD002,4,1459,0.28
ORD00241,PROD001,3,1723,0.23
ORD00241,PROD004,4,1905,0.09
ORD00242,PROD005,4,587,0.28
ORD00242,PROD011,4,1093,0.21
ORD00243,PROD002,4,1459,0.09
ORD00244,PROD003,2,1220,0.1
ORD00245,PROD009,2,796,0.09
ORD00246,PROD009,5,796,0.28
ORD00246,PROD006,2,1047,0.08
ORD00247,PROD008,3,1365,0.03
ORD00248,PROD007,1,870,0.02
ORD00248,PROD011,5,1093,0.21
ORD00248,PROD008,3,1365,0.2
ORD00249,PROD003,2,1220,0.29
ORD00249,PROD001,3,1723,0.04
ORD00250,PROD007,5,870,0.27
ORD00250,PROD002,5,1459,0.12
ORD00250,PROD002,1,1459,0.11
ORD00251,PROD006,3,1047,0.22
ORD00251,PROD004,2,1905,0.09
ORD00251,PROD005,1,587,0.06
ORD00251,PROD001,1,1723,0.02
ORD00252,PROD007,1,870,0.26
ORD00252,PROD005,2,587,0.03
ORD00252,PROD008,1,1365,0.21
ORD00253,PROD006,2,1047,0.06
ORD00253,PROD005,5,587,0.26
ORD00253,PROD009,4,796,0.29
ORD00253,PROD008,3,1365,0.1
ORD00254,PROD012,4,215,0.15
ORD00255,PROD005,1,587,0.07
ORD00256,PROD003,3,1220,0.29
ORD00257,PROD006,2,1047,0.24
ORD00258,PROD001,1,1723,0.1
ORD00258,PROD004,2,1905,0.26
ORD00259,PROD009,2,796,0.08
ORD00259,PROD003,5,1220,0.2
ORD00260,PROD005,4,587,0.11
ORD00260,PROD006,3,1047,0.24
ORD00260,PROD005,5,587,0.29
ORD00261,PROD001,2,1723,0.26
ORD00261,PROD004,3,1905,0.02
ORD00262,PROD004,3,1905,0.2
ORD00262,PROD007,1,870,0.27
ORD00262,PROD009,2,796,0.17
ORD00262,PROD005,3,587,0.26
ORD00263,PROD012,3,215,0.12
ORD00263,PROD010,1,321,0.19
ORD00263,PROD011,3,1093,0.06
ORD00263,PROD009,2,796,0.26
ORD00264,PROD007,5,870,0.15
ORD00264,PROD012,5,215,0.18
ORD00265,PROD007,2,870,0.08
ORD00265,PROD002,5,1459,0.26
ORD00266,PROD007,3,870,0.22
ORD00266,PROD003,3,1220,0.12
ORD00266,PROD002,5,1459,0.12
ORD00267,PROD003,3,1220,0.15
ORD00267,PROD012,5,215,0.14
ORD00267,PROD006,1,1047,0.04
ORD00267,PROD001,1,1723,0.09
ORD00268,PROD004,4,1905,0.19
ORD00268,PROD012,3,215,0.11
ORD00268,PROD010,5,321,0.12
ORD00269,PROD003,1,1220,0.08
ORD00269,PROD012,5,215,0.22
ORD00269,PROD011,4,1093,0.07
ORD00270,PROD001,5,1723,0.2
ORD00270,PROD011,2,1093,0.25
ORD00270,PROD012,4,215,0.2
ORD00271,PROD005,3,587,0.27
ORD00271,PROD007,1,870,0.01
ORD00271,PROD004,2,1905,0.3
ORD00271,PROD011,3,1093,0.02
ORD00272,PROD006,3,1047,0.29
ORD00272,PROD012,5,215,0.25
ORD00273,PROD004,4,1905,0.11
ORD00274,PROD011,1,1093,0.05
ORD00275,PROD006,2,1047,0.08
ORD00276,PROD002,3,1459,0.16
ORD00277,PROD002,1,1459,0.23
ORD00277,PROD012,5,215,0.15
ORD00278,PROD009,3,796,0.19
ORD00279,PROD007,5,870,0.05
ORD00279,PROD011,4,1093,0.02
ORD00279,PROD005,3,587,0.07
ORD00279,PROD005,3,587,0.29
ORD00280,PROD001,4,1723,0.21
ORD00280,PROD007,5,870,0.24
ORD00281,PROD010,3,321,0.24
ORD00281,PROD004,1,1905,0.19
ORD00281,PROD010,5,321,0.21
ORD00282,PROD010,2,321,0.26
ORD00282,PROD008,2,1365,0.25
ORD00282,PROD009,1,796,0.07
ORD00283,PROD011,1,1093,0.24
ORD00283,PROD004,3,1905,0.01
ORD00283,PROD008,1,1365,0.09
ORD00283,PROD007,2,870,0.01
ORD00284,PROD011,4,1093,0.14
ORD00284,PROD012,1,215,0.0
ORD00284,PROD011,4,1093,0.0
ORD00285,PROD001,3,1723,0.12
ORD00285,PROD001,4,1723,0.04
ORD00285,PROD003,4,1220,0.11
ORD00285,PROD004,1,1905,0.24
ORD00286,PROD012,4,215,0.28
ORD00286,PROD003,4,1220,0.28
ORD00287,PROD012,1,215,0.2
ORD00288,PROD003,2,1220,0.16
ORD00288,PROD006,2,1047,0.19
ORD00288,PROD004,1,1905,0.0
ORD00289,PROD003,5,1220,0.13
ORD00289,PROD011,2,1093,0.25
ORD00290,PROD004,3,1905,0.3
ORD00290,PROD001,5,1723,0.18
ORD00290,PROD008,1,1365,0.12
ORD00291,PROD003,2,1220,0.25
ORD00291,PROD010,3,321,0.01
ORD00291,PROD005,3,587,0.12
ORD00292,PROD007,5,870,0.1
ORD00292,PROD008,3,1365,0.2
ORD00293,PROD003,4,1220,0.04
ORD00294,PROD012,2,215,0.0
ORD00294,PROD003,5,1220,0.3
ORD00294,PROD009,4,796,0.04
ORD00295,PROD011,1,1093,0.07
ORD00295,PROD003,4,1220,0.17
ORD00295,PROD004,1,1905,0.06
ORD00295,PROD002,5,1459,0.29
ORD00296,PROD005,5,587,0.29
ORD00296,PROD001,3,1723,0.02
ORD00297,PROD006,4,1047,0.27
ORD00297,PROD003,2,1220,0.26
ORD00297,PROD004,2,1905,0.18
ORD00297,PROD008,5,1365,0.24
ORD00298,PROD002,2,1459,0.28
ORD00298,PROD004,3,1905,0.14
ORD00299,PROD007,2,870,0.13
ORD00299,PROD004,1,1905,0.21
ORD00300,PROD004,4,1905,0.04
ORD00300,PROD012,4,215,0.18
ORD00300,PROD009,3,796,0.15
ORD00300,PROD010,4,321,0.27
ORD00301,PROD011,1,1093,0.13
ORD00301,PROD008,2,1365,0.18
ORD00302,PROD006,5,1047,0.01
ORD00302,PROD006,2,1047,0.18
ORD00302,PROD003,2,1220,0.15
ORD00302,PROD003,5,1220,0.28
ORD00303,PROD004,3,1905,0.08
ORD00303,PROD005,5,587,0.18
ORD00303,PROD012,3,215,0.16
ORD00304,PROD003,2,1220,0.23
ORD00304,PROD011,4,1093,0.11
ORD00305,PROD001,4,1723,0.1
ORD00305,PROD004,5,1905,0.19
ORD00305,PROD001,3,1723,0.05
ORD00306,PROD009,1,796,0.01
ORD00306,PROD009,2,796,0.2
ORD00306,PROD002,5,1459,0.16
ORD00306,PROD009,4,796,0.24
ORD00307,PROD010,4,321,0.12
ORD00307,PROD008,1,1365,0.27
ORD00308,PROD009,3,796,0.12
ORD00308,PROD001,5,1723,0.25
ORD00309,PROD010,2,321,0.03
ORD00310,PROD002,2,1459,0.28
ORD00310,PROD006,5,1047,0.07
ORD00310,PROD012,2,215,0.09
ORD00311,PROD008,4,1365,0.29
ORD00311,PROD003,3,1220,0.27
ORD00312,PROD011,3,1093,0.3
ORD00312,PROD003,4,1220,0.2
ORD00313,PROD012,1,215,0.28
ORD00314,PROD009,1,796,0.14
ORD00314,PROD002,5,1459,0.0
ORD00314,PROD004,4,1905,0.18
ORD00315,PROD006,2,1047,0.26
ORD00315,PROD001,3,1723,0.24
ORD00315,PROD002,3,1459,0.07
ORD00316,PROD005,3,587,0.11
ORD00316,PROD007,2,870,0.27
ORD00316,PROD002,2,1459,0.19
ORD00316,PROD009,2,796,0.24
ORD00317,PROD009,2,796,0.2
ORD00317,PROD003,5,1220,0.18
ORD00318,PROD004,2,1905,0.2
ORD00318,PROD010,4,321,0.03
ORD00318,PROD006,5,1047,0.29
ORD00318,PROD006,4,1047,0.07
ORD00319,PROD005,5,587,0.19
ORD00319,PROD007,1,870,0.09
ORD00319,PROD007,4,870,0.26
ORD00319,PROD011,5,1093,0.12
ORD00320,PROD001,3,1723,0.21
ORD00321,PROD005,1,587,0.25
ORD00321,PROD005,4,587,0.04
ORD00321,PROD001,4,1723,0.13
ORD00322,PROD008,4,1365,0.23
ORD00323,PROD002,5,1459,0.15
ORD00323,PROD009,5,796,0.2
ORD00324,PROD010,4,321,0.01
ORD00324,PROD002,2,1459,0.16
ORD00324,PROD007,5,870,0.19
ORD00325,PROD008,5,1365,0.23
ORD00326,PROD009,1,796,0.2
ORD00326,PROD011,4,1093,0.27
ORD00326,PROD011,1,1093,0.29
ORD00327,PROD007,1,870,0.3
ORD00327,PROD002,3,1459,0.23
ORD00327,PROD008,3,1365,0.19
ORD00327,PROD005,1,587,0.26
ORD00328,PROD009,2,796,0.29
ORD00328,PROD009,3,796,0.02
ORD00328,PROD009,2,796,0.13
ORD00329,PROD001,1,1723,0.06
ORD00329,PROD011,2,1093,0.2
ORD00329,PROD006,4,1047,0.12
ORD00329,PROD009,4,796,0.08
ORD00330,PROD005,5,587,0.09
ORD00331,PROD006,3,1047,0.01
ORD00331,PROD005,1,587,0.15
ORD00332,PROD007,2,870,0.13
ORD00333,PROD007,2,870,0.22
ORD00333,PROD006,2,1047,0.16
ORD00333,PROD005,1,587,0.06
ORD00333,PROD004,2,1905,0.21
ORD00334,PROD011,4,1093,0.12
ORD00334,PROD004,5,1905,0.01
ORD00334,PROD010,2,321,0.29
ORD00335,PROD011,2,1093,0.12
ORD00335,PROD008,3,1365,0.02
ORD00335,PROD007,2,870,0.28
ORD00336,PROD006,4,1047,0.03
ORD00336,PROD012,2,215,0.07
ORD00336,PROD006,1,1047,0.24
ORD00337,PROD006,4,1047,0.21
ORD00337,PROD009,4,796,0.05
ORD00338,PROD002,1,1459,0.25
ORD00338,PROD008,4,1365,0.04
ORD00339,PROD005,2,587,0.05
ORD00339,PROD007,1,870,0.19
ORD00339,PROD001,3,1723,0.17
ORD00339,PROD004,4,1905,0.3
ORD00340,PROD008,3,1365,0.28
ORD00341,PROD001,3,1723,0.29
ORD00341,PROD010,1,321,0.22
ORD00341,PROD010,2,321,0.16
ORD00342,PROD009,4,796,0.24
ORD00342,PROD008,1,1365,0.08
ORD00343,PROD005,2,587,0.0
ORD00343,PROD001,2,1723,0.22
ORD00343,PROD008,3,1365,0.11
ORD00343,PROD012,5,215,0.11
ORD00344,PROD003,4,1220,0.11
ORD00345,PROD010,4,321,0.16
ORD00346,PROD006,5,1047,0.11
ORD00346,PROD011,1,1093,0.01
ORD00347,PROD001,1,1723,0.12
ORD00348,PROD010,2,321,0.26
ORD00348,PROD007,5,870,0.3
ORD00348,PROD002,5,1459,0.04
ORD00349,PROD008,1,1365,0.08
ORD00349,PROD006,3,1047,0.21
ORD00350,PROD004,1,1905,0.02
ORD00350,PROD007,3,870,0.15
ORD00350,PROD011,3,1093,0.08
ORD00351,PROD009,2,796,0.04
ORD00351,PROD003,3,1220,0.19
ORD00351,PROD007,2,870,0.13
ORD00352,PROD008,2,1365,0.01
ORD00353,PROD005,2,587,0.18
ORD00353,PROD006,3,1047,0.09
ORD00354,PROD007,1,870,0.03
ORD00354,PROD003,3,1220,0.29
ORD00355,PROD011,3,1093,0.29
ORD00356,PROD007,1,870,0.1
ORD00357,PROD004,4,1905,0.18
ORD00358,PROD010,5,321,0.11
ORD00358,PROD009,2,796,0.24
ORD00358,PROD010,2,321,0.26
ORD00358,PROD009,4,796,0.16
ORD00359,PROD011,3,1093,0.02
ORD00359,PROD002,3,1459,0.14
ORD00359,PROD009,3,796,0.22
ORD00359,PROD001,4,1723,0.27
ORD00360,PROD012,3,215,0.2
ORD00360,PROD002,3,1459,0.04
ORD00361,PROD012,2,215,0.11
ORD00362,PROD006,4,1047,0.06
ORD00362,PROD012,1,215,0.3
ORD00363,PROD003,1,1220,0.05
ORD00363,PROD004,4,1905,0.28
ORD00363,PROD007,2,870,0.01
ORD00363,PROD006,5,1047,0.18
ORD00364,PROD002,3,1459,0.14
ORD00365,PROD007,1,870,0.1
ORD00365,PROD006,2,1047,0.21
ORD00365,PROD008,4,1365,0.17
ORD00365,PROD010,1,321,0.21
ORD00366,PROD002,2,1459,0.2
ORD00366,PROD011,4,1093,0.08
ORD00367,PROD002,5,1459,0.09
ORD00367,PROD008,5,1365,0.22
ORD00367,PROD010,3,321,0.26
ORD00368,PROD003,5,1220,0.18
ORD00368,PROD010,1,321,0.16
ORD00368,PROD001,5,1723,0.21
ORD00369,PROD008,1,1365,0.07
ORD00369,PROD007,4,870,0.19
ORD00370,PROD011,3,1093,0.09
ORD00371,PROD011,4,1093,0.27
ORD00371,PROD011,4,1093,0.0
ORD00371,PROD009,2,796,0.16
ORD00372,PROD006,2,1047,0.28
ORD00372,PROD002,5,1459,0.1
ORD00372,PROD006,5,1047,0.03
ORD00372,PROD011,2,1093,0.03
ORD00373,PROD001,1,1723,0.23
ORD00374,PROD001,3,1723,0.09
ORD00374,PROD011,3,1093,0.17
ORD00374,PROD009,4,796,0.23
ORD00375,PROD007,5,870,0.11
ORD00375,PROD002,1,1459,0.11
ORD00376,PROD002,4,1459,0.11
ORD00376,PROD008,5,1365,0.16
ORD00377,PROD002,4,1459,0.05
ORD00377,PROD008,4,1365,0.24
ORD00378,PROD011,3,1093,0.16
ORD00379,PROD005,5,587,0.2
ORD00379,PROD001,1,1723,0.03
ORD00379,PROD005,5,587,0.21
ORD00379,PROD001,2,1723,0.05
ORD00380,PROD011,4,1093,0.12
ORD00381,PROD009,2,796,0.23
ORD00381,PROD003,2,1220,0.09
ORD00381,PROD003,1,1220,0.14
ORD00381,PROD005,2,587,0.27
ORD00382,PROD002,3,1459,0.02
ORD00382,PROD006,4,1047,0.22
ORD00382,PROD007,3,870,0.08
ORD00383,PROD006,3,1047,0.03
ORD00384,PROD004,2,1905,0.17
ORD00385,PROD006,4,1047,0.26
ORD00385,PROD009,1,796,0.22
ORD00385,PROD011,4,1093,0.17
ORD00386,PROD005,5,587,0.1
ORD00387,PROD003,4,1220,0.14
ORD00387,PROD004,3,1905,0.2
ORD00387,PROD004,5,1905,0.3
ORD00388,PROD003,4,1220,0.24
ORD00388,PROD005,4,587,0.22
ORD00389,PROD010,5,321,0.26
ORD00389,PROD010,2,321,0.21
ORD00390,PROD006,1,1047,0.24
ORD00390,PROD008,4,1365,0.2
ORD00390,PROD002,3,1459,0.12
ORD00391,PROD007,3,870,0.17
ORD00392,PROD009,3,796,0.01
ORD00393,PROD007,4,870,0.07
ORD00393,PROD010,4,321,0.15
ORD00394,PROD003,5,1220,0.13
ORD00395,PROD001,5,1723,0.12
ORD00395,PROD008,2,1365,0.06
ORD00395,PROD006,3,1047,0.08
ORD00395,PROD002,4,1459,0.12
ORD00396,PROD007,2,870,0.18
ORD00396,PROD003,3,1220,0.06
ORD00396,PROD005,3,587,0.18
ORD00396,PROD006,4,1047,0.22
ORD00397,PROD001,5,1723,0.26
ORD00398,PROD001,1,1723,0.09
ORD00399,PROD008,1,1365,0.05
ORD00399,PROD003,3,1220,0.06
ORD00400,PROD004,1,1905,0.04
ORD00400,PROD004,5,1905,0.2
ORD00400,PROD007,2,870,0.27
ORD00400,PROD005,3,587,0.29
ORD00401,PROD007,3,870,0.1
ORD00401,PROD010,5,321,0.08
ORD00402,PROD005,1,587,0.08
ORD00402,PROD011,5,1093,0.19
ORD00402,PROD004,3,1905,0.14
ORD00402,PROD006,3,1047,0.01
ORD00403,PROD009,4,796,0.06
ORD00403,PROD011,1,1093,0.19
ORD00403,PROD006,5,1047,0.09
ORD00403,PROD003,4,1220,0.21
ORD00404,PROD002,4,1459,0.11
ORD00405,PROD002,1,1459,0.17
ORD00406,PROD010,5,321,0.2
ORD00406,PROD010,5,321,0.3
ORD00406,PROD010,1,321,0.15
ORD00406,PROD003,1,1220,0.1
ORD00407,PROD004,1,1905,0.22
ORD00407,PROD001,5,1723,0.2
ORD00407,PROD012,2,215,0.07
ORD00407,PROD002,4,1459,0.15
ORD00408,PROD005,3,587,0.25
ORD00409,PROD010,5,321,0.24
ORD00409,PROD010,5,321,0.11
ORD00409,PROD003,2,1220,0.2
ORD00410,PROD004,3,1905,0.07
ORD00411,PROD005,3,587,0.1
ORD00411,PROD011,4,1093,0.15
ORD00412,PROD012,2,215,0.02
ORD00412,PROD004,1,1905,0.27
ORD00413,PROD005,3,587,0.14
ORD00413,PROD004,1,1905,0.12
ORD00413,PROD006,4,1047,0.19
ORD00414,PROD004,1,1905,0.07
ORD00415,PROD008,3,1365,0.02
ORD00415,PROD008,2,1365,0.24
ORD00416,PROD011,4,1093,0.02
ORD00416,PROD008,2,1365,0.11
ORD00417,PROD001,5,1723,0.13
ORD00417,PROD012,5,215,0.2
ORD00417,PROD001,3,1723,0.27
ORD00417,PROD012,1,215,0.23
ORD00418,PROD001,5,1723,0.28
ORD00418,PROD001,3,1723,0.23
ORD00419,PROD004,1,1905,0.29
ORD00419,PROD007,5,870,0.1
ORD00420,PROD001,5,1723,0.02
ORD00420,PROD001,4,1723,0.17
ORD00420,PROD011,3,1093,0.12
ORD00421,PROD002,1,1459,0.25
ORD00421,PROD010,4,321,0.01
ORD00421,PROD011,5,1093,0.03
ORD00421,PROD003,1,1220,0.29
ORD00422,PROD007,1,870,0.2
ORD00423,PROD009,3,796,0.02
ORD00423,PROD010,4,321,0.19
ORD00423,PROD002,2,1459,0.29
ORD00424,PROD005,2,587,0.09
ORD00424,PROD006,1,1047,0.05
ORD00424,PROD003,4,1220,0.24
ORD00424,PROD004,5,1905,0.24
ORD00425,PROD006,4,1047,0.29
ORD00425,PROD007,2,870,0.23
ORD00425,PROD012,2,215,0.06
ORD00426,PROD012,5,215,0.16
ORD00426,PROD012,2,215,0.29
ORD00426,PROD007,1,870,0.12
ORD00426,PROD006,5,1047,0.03
ORD00427,PROD006,5,1047,0.13
ORD00427,PROD008,3,1365,0.26
ORD00427,PROD012,3,215,0.27
ORD00427,PROD011,3,1093,0.29
ORD00428,PROD001,2,1723,0.04
ORD00429,PROD012,2,215,0.2
ORD00429,PROD011,1,1093,0.24
ORD00429,PROD009,1,796,0.27
ORD00429,PROD012,3,215,0.12
ORD00430,PROD002,1,1459,0.08
ORD00430,PROD002,5,1459,0.07
ORD00430,PROD001,4,1723,0.01
ORD00431,PROD004,4,1905,0.07
ORD00431,PROD001,5,1723,0.14
ORD00432,PROD010,2,321,0.1
ORD00433,PROD011,4,1093,0.2
ORD00433,PROD009,2,796,0.13
ORD00434,PROD002,2,1459,0.26
ORD00434,PROD010,4,321,0.22
ORD00434,PROD006,1,1047,0.16
ORD00435,PROD002,1,1459,0.14
ORD00435,PROD009,4,796,0.08
ORD00435,PROD006,4,1047,0.22
ORD00435,PROD010,2,321,0.11
ORD00436,PROD011,4,1093,0.16
ORD00436,PROD008,1,1365,0.18
ORD00436,PROD007,5,870,0.1
ORD00437,PROD010,3,321,0.22
ORD00438,PROD005,4,587,0.27
ORD00438,PROD008,3,1365,0.12
ORD00438,PROD006,1,1047,0.19
ORD00438,PROD012,3,215,0.18
ORD00439,PROD008,1,1365,0.08
ORD00440,PROD011,3,1093,0.16
ORD00440,PROD002,4,1459,0.01
ORD00440,PROD011,5,1093,0.23
ORD00440,PROD009,1,796,0.15
ORD00441,PROD006,4,1047,0.12
ORD00441,PROD001,1,1723,0.17
ORD00441,PROD006,5,1047,0.25
ORD00442,PROD009,2,796,0.18
ORD00442,PROD008,4,1365,0.07
ORD00443,PROD010,5,321,0.1
ORD00443,PROD011,5,1093,0.15
ORD00443,PROD005,2,587,0.22
ORD00443,PROD005,5,587,0.07
ORD00444,PROD007,3,870,0.29
ORD00444,PROD012,5,215,0.09
ORD00445,PROD005,3,587,0.09
ORD00446,PROD002,4,1459,0.03
ORD00447,PROD009,1,796,0.0
ORD00447,PROD011,2,1093,0.22
ORD00447,PROD009,5,796,0.08
ORD00447,PROD005,1,587,0.27
ORD00448,PROD002,1,1459,0.14
ORD00449,PROD012,5,215,0.04
ORD00449,PROD012,4,215,0.05
ORD00449,PROD011,1,1093,0.27
ORD00449,PROD003,2,1220,0.11
ORD00450,PROD002,2,1459,0.12
ORD00450,PROD007,4,870,0.19
ORD00450,PROD006,5,1047,0.15
ORD00450,PROD012,5,215,0.19
ORD00451,PROD012,4,215,0.2
ORD00451,PROD003,1,1220,0.0
ORD00451,PROD009,1,796,0.28
ORD00451,PROD003,5,1220,0.11
ORD00452,PROD012,2,215,0.11
ORD00453,PROD004,3,1905,0.08
ORD00453,PROD003,5,1220,0.0
ORD00453,PROD012,2,215,0.04
ORD00454,PROD012,2,215,0.27
ORD00455,PROD002,5,1459,0.28
ORD00456,PROD001,2,1723,0.28
ORD00457,PROD012,1,215,0.13
ORD00457,PROD004,1,1905,0.22
ORD00458,PROD001,5,1723,0.11
ORD00458,PROD010,3,321,0.01
ORD00459,PROD004,1,1905,0.18
ORD00459,PROD001,5,1723,0.29
ORD00459,PROD004,5,1905,0.21
ORD00459,PROD005,1,587,0.1
ORD00460,PROD004,1,1905,0.03
ORD00461,PROD011,5,1093,0.14
ORD00461,PROD008,3,1365,0.28
ORD00461,PROD011,5,1093,0.18
ORD00462,PROD010,3,321,0.0
ORD00462,PROD001,1,1723,0.11
ORD00462,PROD001,3,1723,0.21
ORD00462,PROD006,3,1047,0.19
ORD00463,PROD012,5,215,0.15
ORD00464,PROD007,4,870,0.27
ORD00465,PROD005,1,587,0.29
ORD00465,PROD004,2,1905,0.21
ORD00465,PROD004,2,1905,0.06
ORD00466,PROD005,2,587,0.07
ORD00466,PROD010,3,321,0.25
ORD00466,PROD009,3,796,0.1
ORD00467,PROD007,4,870,0.19
ORD00468,PROD006,1,1047,0.02
ORD00468,PROD004,4,1905,0.18
ORD00468,PROD002,4,1459,0.24
ORD00469,PROD007,1,870,0.28
ORD00470,PROD002,1,1459,0.2
ORD00470,PROD005,5,587,0.01
ORD00471,PROD011,5,1093,0.29
ORD00471,PROD009,2,796,0.03
ORD00471,PROD011,5,1093,0.24
ORD00471,PROD006,4,1047,0.14
ORD00472,PROD012,3,215,0.25
ORD00472,PROD006,2,1047,0.01
ORD00472,PROD012,3,215,0.12
ORD00472,PROD001,2,1723,0.27
ORD00473,PROD007,4,870,0.16
ORD00473,PROD011,5,1093,0.07
ORD00473,PROD004,5,1905,0.01
ORD00474,PROD009,3,796,0.25
ORD00474,PROD002,5,1459,0.05
ORD00475,PROD002,2,1459,0.15
ORD00475,PROD004,4,1905,0.01
ORD00476,PROD011,2,1093,0.13
ORD00476,PROD012,3,215,0.24
ORD00476,PROD006,4,1047,0.27
ORD00477,PROD012,1,215,0.18
ORD00477,PROD007,1,870,0.15
ORD00477,PROD003,2,1220,0.06
ORD00478,PROD004,4,1905,0.2
ORD00478,PROD003,5,1220,0.2
ORD00479,PROD001,5,1723,0.14
ORD00479,PROD006,2,1047,0.18
ORD00479,PROD002,3,1459,0.19
ORD00480,PROD008,4,1365,0.09
ORD00480,PROD006,4,1047,0.25
ORD00480,PROD006,4,1047,0.27
ORD00480,PROD006,4,1047,0.16
ORD00481,PROD001,4,1723,0.01
ORD00481,PROD004,1,1905,0.01
ORD00481,PROD011,3,1093,0.29
ORD00481,PROD003,5,1220,0.25
ORD00482,PROD001,1,1723,0.21
ORD00482,PROD006,1,1047,0.28
ORD00482,PROD009,4,796,0.13
ORD00482,PROD004,1,1905,0.29
ORD00483,PROD004,2,1905,0.11
ORD00484,PROD011,5,1093,0.08
ORD00484,PROD012,5,215,0.08
ORD00484,PROD012,1,215,0.11
ORD00485,PROD009,4,796,0.27
ORD00485,PROD007,5,870,0.25
ORD00485,PROD002,3,1459,0.21
ORD00485,PROD010,3,321,0.21
ORD00486,PROD002,1,1459,0.16
ORD00486,PROD011,3,1093,0.2
ORD00486,PROD012,5,215,0.12
ORD00486,PROD004,2,1905,0.14
ORD00487,PROD009,5,796,0.04
ORD00488,PROD005,4,587,0.29
ORD00488,PROD011,3,1093,0.28
ORD00488,PROD002,5,1459,0.22
ORD00489,PROD005,1,587,0.08
ORD00489,PROD004,2,1905,0.21
ORD00489,PROD010,3,321,0.05
ORD00489,PROD010,1,321,0.2
ORD00490,PROD006,1,1047,0.06
ORD00490,PROD001,3,1723,0.0
ORD00491,PROD006,1,1047,0.24
ORD00491,PROD012,3,215,0.21
ORD00491,PROD003,2,1220,0.18
ORD00491,PROD008,3,1365,0.06
ORD00492,PROD006,3,1047,0.27
ORD00493,PROD008,4,1365,0.17
ORD00493,PROD011,3,1093,0.14
ORD00493,PROD010,1,321,0.25
ORD00494,PROD010,3,321,0.27
ORD00494,PROD005,2,587,0.03
ORD00494,PROD004,5,1905,0.14
ORD00495,PROD005,5,587,0.25
ORD00496,PROD007,4,870,0.15
ORD00497,PROD001,4,1723,0.08
ORD00497,PROD005,3,587,0.19
ORD00497,PROD005,3,587,0.1
ORD00497,PROD011,4,1093,0.05
ORD00498,PROD007,1,870,0.0
ORD00499,PROD003,2,1220,0.1
ORD00499,PROD011,5,1093,0.25
ORD00499,PROD003,4,1220,0.17
ORD00500,PROD005,2,587,0.29
ORD00500,PROD009,1,796,0.27
ORD00500,PROD006,5,1047,0.13
ORD00500,PROD005,4,587,0.15
ORD00501,PROD002,2,1459,0.18
ORD00501,PROD010,5,321,0.05
ORD00501,PROD009,2,796,0.16
ORD00502,PROD004,1,1905,0.13
ORD00502,PROD003,1,1220,0.07
ORD00502,PROD006,1,1047,0.17
ORD00503,PROD007,5,870,0.19
ORD00503,PROD012,2,215,0.11
ORD00504,PROD012,1,215,0.05
ORD00504,PROD006,4,1047,0.2
ORD00504,PROD004,1,1905,0.21
ORD00505,PROD007,1,870,0.02
ORD00505,PROD008,3,1365,0.11
ORD00506,PROD010,2,321,0.12
ORD00507,PROD010,2,321,0.0
ORD00507,PROD011,5,1093,0.2
ORD00507,PROD009,1,796,0.05
ORD00508,PROD010,2,321,0.1
ORD00508,PROD004,5,1905,0.27
ORD00508,PROD006,1,1047,0.27
ORD00509,PROD012,4,215,0.15
ORD00510,PROD010,2,321,0.28
ORD00510,PROD002,4,1459,0.17
ORD00510,PROD009,2,796,0.09
ORD00511,PROD007,2,870,0.28
ORD00512,PROD004,5,1905,0.25
ORD00512,PROD011,2,1093,0.2
ORD00513,PROD011,5,1093,0.18
ORD00513,PROD007,1,870,0.21
ORD00513,PROD003,3,1220,0.09
ORD00513,PROD005,2,587,0.23
ORD00514,PROD010,2,321,0.08
ORD00514,PROD002,1,1459,0.13
ORD00514,PROD012,2,215,0.08
ORD00514,PROD002,3,1459,0.04
ORD00515,PROD006,5,1047,0.11
ORD00516,PROD002,3,1459,0.17
ORD00516,PROD009,5,796,0.3
ORD00517,PROD003,4,1220,0.17
ORD00517,PROD001,1,1723,0.16
ORD00517,PROD008,3,1365,0.21
ORD00517,PROD005,2,587,0.24
ORD00518,PROD011,4,1093,0.08
ORD00519,PROD004,3,1905,0.12
ORD00519,PROD012,4,215,0.3
ORD00519,PROD005,5,587,0.18
ORD00519,PROD002,3,1459,0.2
ORD00520,PROD003,4,1220,0.12
ORD00521,PROD004,2,1905,0.23
ORD00522,PROD005,2,587,0.23
ORD00522,PROD001,4,1723,0.26
ORD00522,PROD002,3,1459,0.24
ORD00522,PROD003,2,1220,0.01
ORD00523,PROD011,2,1093,0.15
ORD00524,PROD012,2,215,0.19
ORD00525,PROD005,2,587,0.14
ORD00526,PROD003,4,1220,0.05
ORD00527,PROD010,4,321,0.23
ORD00528,PROD002,3,1459,0.11
ORD00528,PROD006,2,1047,0.28
ORD00528,PROD012,3,215,0.23
ORD00529,PROD007,1,870,0.26
ORD00529,PROD012,3,215,0.1
ORD00529,PROD012,4,215,0.26
ORD00529,PROD007,2,870,0.11
ORD00530,PROD007,1,870,0.15
ORD00530,PROD010,2,321,0.17
ORD00530,PROD002,5,1459,0.08
ORD00531,PROD004,4,1905,0.26
ORD00531,PROD011,3,1093,0.18
ORD00532,PROD002,2,1459,0.01
ORD00532,PROD008,1,1365,0.18
ORD00532,PROD012,1,215,0.21
ORD00532,PROD005,3,587,0.29
ORD00533,PROD005,3,587,0.01
ORD00533,PROD002,2,1459,0.18
ORD00534,PROD007,5,870,0.2
ORD00534,PROD009,4,796,0.08
ORD00534,PROD008,5,1365,0.16
ORD00535,PROD010,5,321,0.23
ORD00535,PROD008,4,1365,0.04
ORD00536,PROD009,2,796,0.06
ORD00537,PROD011,4,1093,0.13
ORD00538,PROD002,4,1459,0.05
ORD00538,PROD006,5,1047,0.16
ORD00538,PROD007,2,870,0.17
ORD00539,PROD001,3,1723,0.26
ORD00539,PROD012,2,215,0.16
ORD00539,PROD012,1,215,0.04
ORD00539,PROD012,1,215,0.11
ORD00540,PROD001,5,1723,0.18
ORD00540,PROD004,1,1905,0.05
ORD00540,PROD006,5,1047,0.25
ORD00540,PROD009,3,796,0.2
ORD00541,PROD012,3,215,0.26
ORD00541,PROD001,2,1723,0.27
ORD00542,PROD002,5,1459,0.01
ORD00542,PROD002,2,1459,0.23
ORD00543,PROD002,5,1459,0.26
ORD00543,PROD003,3,1220,0.15
ORD00543,PROD007,4,870,0.21
ORD00543,PROD002,4,1459,0.05
ORD00544,PROD003,4,1220,0.09
ORD00544,PROD003,2,1220,0.28
ORD00545,PROD006,1,1047,0.11
ORD00545,PROD001,4,1723,0.13
ORD00545,PROD008,3,1365,0.21
ORD00546,PROD005,2,587,0.17
ORD00546,PROD011,5,1093,0.04
ORD00546,PROD003,4,1220,0.28
ORD00547,PROD007,1,870,0.29
ORD00547,PROD010,3,321,0.13
ORD00548,PROD002,2,1459,0.01
ORD00548,PROD012,2,215,0.12
ORD00549,PROD003,5,1220,0.17
ORD00549,PROD005,1,587,0.13
ORD00549,PROD006,5,1047,0.02
ORD00549,PROD007,4,870,0.06
ORD00550,PROD012,2,215,0.03
ORD00550,PROD004,5,1905,0.06
ORD00550,PROD009,5,796,0.25
ORD00550,PROD005,5,587,0.27
ORD00551,PROD011,3,1093,0.26
ORD00551,PROD012,5,215,0.25
ORD00551,PROD010,4,321,0.2
ORD00552,PROD007,1,870,0.07
ORD00552,PROD007,4,870,0.26
ORD00552,PROD004,2,1905,0.15
ORD00552,PROD005,4,587,0.29
ORD00553,PROD011,4,1093,0.23
ORD00554,PROD005,2,587,0.13
ORD00554,PROD006,4,1047,0.19
ORD00554,PROD011,1,1093,0.14
ORD00555,PROD005,5,587,0.19
ORD00555,PROD001,4,1723,0.17
ORD00555,PROD004,3,1905,0.09
ORD00556,PROD010,4,321,0.29
ORD00556,PROD007,5,870,0.16
ORD00556,PROD002,2,1459,0.18
ORD00557,PROD008,5,1365,0.2
ORD00557,PROD011,4,1093,0.01
ORD00558,PROD004,3,1905,0.05
ORD00558,PROD002,4,1459,0.18
ORD00559,PROD007,1,870,0.07
ORD00559,PROD012,1,215,0.29
ORD00559,PROD009,5,796,0.21
ORD00560,PROD007,1,870,0.1
ORD00560,PROD009,4,796,0.24
ORD00560,PROD002,4,1459,0.16
ORD00561,PROD010,4,321,0.23
ORD00562,PROD010,1,321,0.09
ORD00562,PROD011,5,1093,0.09
ORD00562,PROD012,3,215,0.14
ORD00562,PROD003,2,1220,0.27
ORD00563,PROD004,1,1905,0.23
ORD00563,PROD008,2,1365,0.13
ORD00563,PROD012,4,215,0.19
ORD00563,PROD002,5,1459,0.27
ORD00564,PROD004,4,1905,0.3
ORD00565,PROD010,4,321,0.19
ORD00566,PROD005,3,587,0.27
ORD00566,PROD007,2,870,0.0
ORD00566,PROD004,2,1905,0.1
ORD00566,PROD004,3,1905,0.19
ORD00567,PROD008,4,1365,0.29
ORD00567,PROD001,1,1723,0.02
ORD00568,PROD011,3,1093,0.27
ORD00568,PROD010,1,321,0.17
ORD00568,PROD005,3,587,0.27
ORD00569,PROD009,5,796,0.09
ORD00569,PROD010,2,321,0.05
ORD00570,PROD007,2,870,0.1
ORD00570,PROD008,4,1365,0.1
ORD00570,PROD009,4,796,0.04
ORD00570,PROD011,2,1093,0.2
ORD00571,PROD004,3,1905,0.3
ORD00571,PROD012,4,215,0.28
ORD00571,PROD008,3,1365,0.21
ORD00571,PROD005,4,587,0.25
ORD00572,PROD002,1,1459,0.22
ORD00573,PROD010,2,321,0.13
ORD00573,PROD011,5,1093,0.01
ORD00573,PROD010,4,321,0.18
ORD00573,PROD006,3,1047,0.08
ORD00574,PROD008,1,1365,0.03
ORD00575,PROD005,5,587,0.01
ORD00576,PROD002,1,1459,0.18
ORD00577,PROD011,4,1093,0.1
ORD00577,PROD008,1,1365,0.12
ORD00577,PROD011,1,1093,0.04
ORD00577,PROD012,3,215,0.22
ORD00578,PROD009,2,796,0.04
ORD00578,PROD006,3,1047,0.13
ORD00578,PROD003,3,1220,0.05
ORD00579,PROD006,5,1047,0.03
ORD00579,PROD003,2,1220,0.0
ORD00580,PROD007,1,870,0.25
ORD00580,PROD010,3,321,0.28
ORD00581,PROD010,3,321,0.14
ORD00582,PROD010,1,321,0.26
ORD00582,PROD007,1,870,0.27
ORD00582,PROD011,1,1093,0.21
ORD00583,PROD002,5,1459,0.29
ORD00583,PROD003,4,1220,0.04
ORD00584,PROD003,2,1220,0.3
ORD00584,PROD012,4,215,0.14
ORD00584,PROD010,5,321,0.18
ORD00585,PROD011,5,1093,0.27
ORD00585,PROD004,4,1905,0.09
ORD00586,PROD003,2,1220,0.15
ORD00587,PROD010,3,321,0.14
ORD00587,PROD004,2,1905,0.24
ORD00588,PROD001,4,1723,0.15
ORD00589,PROD003,3,1220,0.03
ORD00590,PROD001,2,1723,0.14
ORD00590,PROD002,2,1459,0.03
ORD00591,PROD003,1,1220,0.12
ORD00591,PROD010,2,321,0.1
ORD00591,PROD005,4,587,0.2
ORD00592,PROD006,3,1047,0.21
ORD00592,PROD006,3,1047,0.19
ORD00593,PROD010,1,321,0.12
ORD00593,PROD005,4,587,0.03
ORD00594,PROD012,5,215,0.16
ORD00594,PROD006,3,1047,0.29
ORD00594,PROD004,5,1905,0.12
ORD00595,PROD011,5,1093,0.04
ORD00595,PROD011,2,1093,0.19
ORD00595,PROD004,2,1905,0.17
ORD00595,PROD002,4,1459,0.05
ORD00596,PROD001,1,1723,0.16
ORD00597,PROD011,3,1093,0.17
ORD00597,PROD001,5,1723,0.29
ORD00597,PROD004,5,1905,0.15
ORD00598,PROD005,2,587,0.03
ORD00598,PROD005,2,587,0.29
ORD00598,PROD001,1,1723,0.13
ORD00599,PROD004,3,1905,0.03
ORD00599,PROD009,4,796,0.27
ORD00600,PROD001,4,1723,0.28
ORD00600,PROD010,3,321,0.24
ORD00600,PROD012,4,215,0.16
ORD00601,PROD003,2,1220,0.11
ORD00601,PROD010,4,321,0.11
ORD00601,PROD002,1,1459,0.02
ORD00602,PROD001,2,1723,0.22
ORD00602,PROD006,1,1047,0.13
ORD00602,PROD010,2,321,0.03
ORD00602,PROD012,5,215,0.27
ORD00603,PROD002,2,1459,0.02
ORD00603,PROD012,2,215,0.09
ORD00604,PROD003,1,1220,0.07
ORD00604,PROD006,1,1047,0.07
ORD00604,PROD011,4,1093,0.25
ORD00605,PROD004,2,1905,0.28
ORD00605,PROD009,4,796,0.22
ORD00605,PROD008,3,1365,0.02
ORD00605,PROD008,5,1365,0.28
ORD00606,PROD007,5,870,0.15
ORD00606,PROD008,4,1365,0.08
ORD00607,PROD006,4,1047,0.01
ORD00607,PROD005,4,587,0.03
ORD00607,PROD009,3,796,0.02
ORD00608,PROD004,5,1905,0.21
ORD00608,PROD010,3,321,0.12
ORD00609,PROD001,5,1723,0.1
ORD00610,PROD004,2,1905,0.03
ORD00610,PROD007,2,870,0.13
ORD00611,PROD002,3,1459,0.23
ORD00612,PROD005,4,587,0.17
ORD00612,PROD003,5,1220,0.09
ORD00612,PROD004,2,1905,0.03
ORD00613,PROD011,2,1093,0.29
ORD00613,PROD012,4,215,0.1
ORD00614,PROD004,3,1905,0.13
ORD00615,PROD006,5,1047,0.27
ORD00615,PROD009,5,796,0.03
ORD00615,PROD009,2,796,0.08
ORD00616,PROD001,3,1723,0.11
ORD00617,PROD003,5,1220,0.08
ORD00617,PROD001,5,1723,0.29
ORD00617,PROD002,4,1459,0.12
ORD00617,PROD010,1,321,0.09
ORD00618,PROD009,3,796,0.16
ORD00618,PROD002,4,1459,0.11
ORD00619,PROD007,2,870,0.14
ORD00620,PROD012,1,215,0.13
ORD00620,PROD008,3,1365,0.03
ORD00620,PROD002,5,1459,0.22
ORD00621,PROD004,2,1905,0.2
ORD00621,PROD005,5,587,0.27
ORD00622,PROD003,4,1220,0.13
ORD00623,PROD007,4,870,0.09
ORD00624,PROD003,5,1220,0.21
ORD00624,PROD009,3,796,0.07
ORD00624,PROD010,2,321,0.29
ORD00625,PROD007,3,870,0.08
ORD00626,PROD002,3,1459,0.12
ORD00626,PROD009,5,796,0.18
ORD00626,PROD009,3,796,0.19
ORD00626,PROD011,1,1093,0.0
ORD00627,PROD006,5,1047,0.05
ORD00627,PROD008,5,1365,0.24
ORD00627,PROD010,4,321,0.25
ORD00628,PROD012,5,215,0.06
ORD00629,PROD011,5,1093,0.05
ORD00629,PROD008,2,1365,0.09
ORD00630,PROD012,3,215,0.1
ORD00630,PROD012,5,215,0.02
ORD00630,PROD010,3,321,0.27
ORD00630,PROD012,3,215,0.16
ORD00631,PROD001,1,1723,0.17
ORD00632,PROD004,4,1905,0.05
ORD00633,PROD006,1,1047,0.06
ORD00633,PROD003,2,1220,0.18
ORD00633,PROD011,1,1093,0.12
ORD00633,PROD003,4,1220,0.02
ORD00634,PROD010,3,321,0.04
ORD00634,PROD001,2,1723,0.19
ORD00635,PROD007,4,870,0.04
ORD00635,PROD011,2,1093,0.18
ORD00636,PROD011,5,1093,0.18
ORD00636,PROD007,5,870,0.0
ORD00636,PROD005,5,587,0.1
ORD00637,PROD007,4,870,0.19
ORD00637,PROD010,5,321,0.16
ORD00638,PROD006,5,1047,0.15
ORD00638,PROD004,4,1905,0.18
ORD00639,PROD006,5,1047,0.23
ORD00639,PROD002,2,1459,0.24
ORD00640,PROD002,4,1459,0.28
ORD00640,PROD012,2,215,0.15
ORD00641,PROD005,5,587,0.14
ORD00641,PROD009,1,796,0.05
ORD00641,PROD009,2,796,0.22
ORD00642,PROD011,2,1093,0.13
ORD00642,PROD001,1,1723,0.29
ORD00643,PROD007,4,870,0.17
ORD00643,PROD005,4,587,0.22
ORD00644,PROD011,3,1093,0.12
ORD00644,PROD004,4,1905,0.06
ORD00644,PROD003,2,1220,0.26
ORD00644,PROD010,1,321,0.27
ORD00645,PROD009,1,796,0.02
ORD00645,PROD004,2,1905,0.01
ORD00645,PROD005,5,587,0.22
ORD00645,PROD006,4,1047,0.16
ORD00646,PROD012,1,215,0.05
ORD00646,PROD001,4,1723,0.21
ORD00646,PROD007,2,870,0.04
ORD00646,PROD010,5,321,0.03
ORD00647,PROD011,3,1093,0.11
ORD00648,PROD011,4,1093,0.03
ORD00648,PROD001,5,1723,0.2
ORD00648,PROD003,5,1220,0.19
ORD00649,PROD010,3,321,0.29
ORD00649,PROD007,3,870,0.02
ORD00649,PROD003,4,1220,0.29
ORD00649,PROD005,2,587,0.09
ORD00650,PROD011,4,1093,0.16
ORD00650,PROD003,3,1220,0.23
ORD00650,PROD006,3,1047,0.15
ORD00650,PROD012,5,215,0.1
ORD00651,PROD005,1,587,0.15
ORD00651,PROD012,2,215,0.17
ORD00651,PROD006,1,1047,0.12
ORD00652,PROD012,1,215,0.18
ORD00652,PROD008,1,1365,0.14
ORD00652,PROD009,3,796,0.27
ORD00652,PROD004,4,1905,0.23
ORD00653,PROD008,3,1365,0.3
ORD00653,PROD007,2,870,0.25
ORD00654,PROD011,5,1093,0.19
ORD00654,PROD006,5,1047,0.29
ORD00655,PROD011,2,1093,0.08
ORD00655,PROD005,1,587,0.16
ORD00655,PROD012,3,215,0.01
ORD00656,PROD005,5,587,0.01
ORD00657,PROD007,2,870,0.27
ORD00658,PROD012,2,215,0.18
ORD00659,PROD001,5,1723,0.14
ORD00660,PROD001,4,1723,0.18
ORD00661,PROD008,2,1365,0.11
ORD00662,PROD008,5,1365,0.16
ORD00662,PROD011,1,1093,0.14
ORD00662,PROD005,4,587,0.06
ORD00663,PROD009,4,796,0.19
ORD00664,PROD012,4,215,0.11
ORD00665,PROD001,4,1723,0.11
ORD00665,PROD012,3,215,0.2
ORD00665,PROD002,2,1459,0.16
ORD00666,PROD010,2,321,0.25
ORD00667,PROD009,3,796,0.05
ORD00668,PROD009,1,796,0.15
ORD00668,PROD011,1,1093,0.23
ORD00668,PROD002,2,1459,0.1
ORD00668,PROD001,4,1723,0.3
ORD00669,PROD009,4,796,0.0
ORD00670,PROD006,5,1047,0.06
ORD00670,PROD008,2,1365,0.26
ORD00670,PROD005,2,587,0.01
ORD00671,PROD001,4,1723,0.18
ORD00671,PROD012,4,215,0.12
ORD00671,PROD001,5,1723,0.16
ORD00672,PROD011,2,1093,0.28
ORD00673,PROD004,5,1905,0.19
ORD00673,PROD001,5,1723,0.15
ORD00673,PROD001,5,1723,0.26
ORD00674,PROD003,2,1220,0.07
ORD00674,PROD005,1,587,0.06
ORD00675,PROD005,3,587,0.01
ORD00675,PROD002,5,1459,0.09
ORD00675,PROD009,3,796,0.28
ORD00675,PROD004,4,1905,0.17
ORD00676,PROD001,2,1723,0.29
ORD00677,PROD009,2,796,0.27
ORD00677,PROD008,3,1365,0.26
ORD00678,PROD002,2,1459,0.09
ORD00678,PROD002,5,1459,0.16
ORD00679,PROD009,1,796,0.18
ORD00679,PROD001,5,1723,0.19
ORD00679,PROD012,1,215,0.06
ORD00679,PROD001,5,1723,0.02
ORD00680,PROD001,2,1723,0.13
ORD00680,PROD010,1,321,0.14
ORD00680,PROD004,3,1905,0.14
ORD00680,PROD004,5,1905,0.3
ORD00681,PROD009,5,796,0.19
ORD00681,PROD009,3,796,0.28
ORD00681,PROD009,1,796,0.14
ORD00682,PROD007,5,870,0.06
ORD00682,PROD009,5,796,0.26
ORD00682,PROD009,5,796,0.28
ORD00683,PROD004,2,1905,0.14
ORD00683,PROD004,4,1905,0.15
ORD00683,PROD003,4,1220,0.03
ORD00683,PROD008,3,1365,0.3
ORD00684,PROD010,1,321,0.06
ORD00685,PROD001,2,1723,0.15
ORD00685,PROD007,4,870,0.1
ORD00686,PROD006,2,1047,0.23
ORD00686,PROD007,1,870,0.25
ORD00687,PROD004,5,1905,0.11
ORD00687,PROD008,1,1365,0.08
ORD00687,PROD009,1,796,0.09
ORD00687,PROD005,2,587,0.08
ORD00688,PROD012,1,215,0.25
ORD00689,PROD011,5,1093,0.29
ORD00689,PROD006,4,1047,0.04
ORD00689,PROD009,1,796,0.26
ORD00689,PROD010,5,321,0.07
ORD00690,PROD006,4,1047,0.27
ORD00690,PROD005,4,587,0.15
ORD00691,PROD006,5,1047,0.15
ORD00691,PROD005,1,587,0.05
ORD00691,PROD005,4,587,0.28
ORD00692,PROD005,2,587,0.28
ORD00692,PROD007,1,870,0.2
ORD00692,PROD006,5,1047,0.07
ORD00692,PROD004,5,1905,0.11
ORD00693,PROD007,4,870,0.11
ORD00693,PROD006,5,1047,0.04
ORD00693,PROD009,2,796,0.18
ORD00694,PROD011,5,1093,0.24
ORD00694,PROD003,3,1220,0.06
ORD00694,PROD010,4,321,0.06
ORD00695,PROD008,2,1365,0.03
ORD00695,PROD002,1,1459,0.03
ORD00695,PROD011,5,1093,0.28
ORD00695,PROD010,4,321,0.21
ORD00696,PROD004,4,1905,0.13
ORD00696,PROD009,1,796,0.14
ORD00696,PROD004,3,1905,0.29
ORD00697,PROD008,5,1365,0.24
ORD00697,PROD003,4,1220,0.05
ORD00697,PROD008,1,1365,0.1
ORD00697,PROD010,2,321,0.01
ORD00698,PROD002,4,1459,0.26
ORD00699,PROD007,5,870,0.22
ORD00699,PROD012,3,215,0.26
ORD00699,PROD003,2,1220,0.29
ORD00700,PROD006,5,1047,0.05
ORD00700,PROD011,2,1093,0.13
ORD00701,PROD003,3,1220,0.06
ORD00701,PROD009,5,796,0.03
ORD00702,PROD006,2,1047,0.28
ORD00702,PROD011,2,1093,0.17
ORD00702,PROD010,3,321,0.25
ORD00702,PROD002,4,1459,0.18
ORD00703,PROD007,1,870,0.2
ORD00703,PROD001,2,1723,0.28
ORD00703,PROD002,1,1459,0.12
ORD00703,PROD009,2,796,0.16
ORD00704,PROD003,1,1220,0.06
ORD00704,PROD010,1,321,0.0
ORD00704,PROD001,4,1723,0.26
ORD00704,PROD003,1,1220,0.21
ORD00705,PROD005,4,587,0.08
ORD00706,PROD012,1,215,0.1
ORD00706,PROD007,5,870,0.08
ORD00706,PROD004,2,1905,0.04
ORD00707,PROD006,1,1047,0.27
ORD00707,PROD011,1,1093,0.0
ORD00707,PROD003,2,1220,0.18
ORD00707,PROD010,5,321,0.17
ORD00708,PROD006,5,1047,0.11
ORD00709,PROD002,5,1459,0.06
ORD00709,PROD003,1,1220,0.18
ORD00709,PROD004,4,1905,0.16
ORD00709,PROD007,3,870,0.09
ORD00710,PROD003,5,1220,0.2
ORD00710,PROD011,5,1093,0.17
ORD00710,PROD007,2,870,0.14
ORD00710,PROD010,3,321,0.1
ORD00711,PROD008,3,1365,0.19
ORD00711,PROD005,2,587,0.08
ORD00711,PROD008,1,1365,0.27
ORD00712,PROD009,4,796,0.1
ORD00712,PROD001,2,1723,0.19
ORD00713,PROD012,1,215,0.08
ORD00713,PROD011,5,1093,0.07
ORD00713,PROD001,3,1723,0.26
ORD00714,PROD005,3,587,0.28
ORD00714,PROD008,3,1365,0.08
ORD00715,PROD002,3,1459,0.21
ORD00715,PROD007,3,870,0.16
ORD00716,PROD006,4,1047,0.05
ORD00717,PROD009,3,796,0.23
ORD00717,PROD010,1,321,0.18
ORD00718,PROD010,5,321,0.14
ORD00718,PROD001,5,1723,0.26
ORD00718,PROD012,2,215,0.08
ORD00719,PROD003,4,1220,0.19
ORD00719,PROD001,5,1723,0.15
ORD00719,PROD005,2,587,0.07
ORD00719,PROD007,2,870,0.26
ORD00720,PROD001,4,1723,0.25
ORD00721,PROD009,5,796,0.01
ORD00722,PROD009,5,796,0.06
ORD00723,PROD005,5,587,0.05
ORD00723,PROD006,2,1047,0.23
ORD00723,PROD001,3,1723,0.28
ORD00723,PROD008,1,1365,0.07
ORD00724,PROD001,5,1723,0.16
ORD00725,PROD002,3,1459,0.3
ORD00725,PROD001,5,1723,0.24
ORD00725,PROD010,1,321,0.11
ORD00726,PROD007,2,870,0.13
ORD00726,PROD008,4,1365,0.09
ORD00726,PROD005,2,587,0.12
ORD00726,PROD003,5,1220,0.13
ORD00727,PROD008,1,1365,0.08
ORD00727,PROD007,5,870,0.09
ORD00728,PROD007,2,870,0.24
ORD00728,PROD008,4,1365,0.03
ORD00728,PROD004,3,1905,0.02
ORD00729,PROD009,2,796,0.01
ORD00729,PROD003,2,1220,0.28
ORD00729,PROD007,5,870,0.2
ORD00729,PROD001,5,1723,0.03
ORD00730,PROD012,4,215,0.01
ORD00730,PROD002,1,1459,0.11
ORD00731,PROD006,3,1047,0.06
ORD00731,PROD003,1,1220,0.15
ORD00732,PROD006,4,1047,0.16
ORD00733,PROD006,5,1047,0.08
ORD00733,PROD002,3,1459,0.02
ORD00734,PROD010,2,321,0.11
ORD00734,PROD010,1,321,0.21
ORD00735,PROD006,4,1047,0.08
ORD00735,PROD004,3,1905,0.05
ORD00735,PROD001,4,1723,0.02
ORD00735,PROD001,1,1723,0.09
ORD00736,PROD008,3,1365,0.28
ORD00737,PROD006,4,1047,0.09
ORD00738,PROD009,4,796,0.12
ORD00739,PROD005,2,587,0.14
ORD00739,PROD007,2,870,0.02
ORD00740,PROD002,1,1459,0.1
ORD00740,PROD002,3,1459,0.05
ORD00740,PROD001,1,1723,0.26
ORD00741,PROD002,2,1459,0.04
ORD00741,PROD011,2,1093,0.09
ORD00741,PROD004,1,1905,0.2
ORD00742,PROD012,5,215,0.12
ORD00742,PROD002,2,1459,0.01
ORD00743,PROD004,5,1905,0.13
ORD00744,PROD010,3,321,0.14
ORD00744,PROD010,4,321,0.02
ORD00745,PROD008,1,1365,0.28
ORD00745,PROD007,3,870,0.09
ORD00745,PROD009,3,796,0.17
ORD00746,PROD001,4,1723,0.26
ORD00746,PROD003,3,1220,0.15
ORD00747,PROD011,5,1093,0.16
ORD00747,PROD008,1,1365,0.13
ORD00747,PROD008,4,1365,0.1
ORD00748,PROD007,2,870,0.21
ORD00749,PROD002,4,1459,0.07
ORD00749,PROD006,3,1047,0.22
ORD00749,PROD003,3,1220,0.15
ORD00749,PROD008,4,1365,0.1
ORD00750,PROD005,2,587,0.03
ORD00751,PROD012,3,215,0.25
ORD00751,PROD004,2,1905,0.3
ORD00751,PROD002,2,1459,0.22
ORD00752,PROD005,1,587,0.22
ORD00752,PROD004,5,1905,0.15
ORD00752,PROD002,5,1459,0.06
ORD00752,PROD003,3,1220,0.14
ORD00753,PROD003,3,1220,0.21
ORD00753,PROD006,2,1047,0.09
ORD00753,PROD006,5,1047,0.06
ORD00754,PROD007,1,870,0.01
ORD00755,PROD010,5,321,0.08
ORD00756,PROD001,2,1723,0.25
ORD00757,PROD003,4,1220,0.07
ORD00757,PROD012,4,215,0.23
ORD00757,PROD003,4,1220,0.02
ORD00757,PROD004,1,1905,0.0
ORD00758,PROD003,2,1220,0.04
ORD00759,PROD012,2,215,0.25
ORD00759,PROD006,5,1047,0.17
ORD00759,PROD003,1,1220,0.1
ORD00760,PROD003,2,1220,0.26
ORD00761,PROD008,4,1365,0.25
ORD00761,PROD003,1,1220,0.12
ORD00761,PROD004,5,1905,0.26
ORD00762,PROD008,1,1365,0.06
ORD00762,PROD003,3,1220,0.15
ORD00762,PROD012,3,215,0.18
ORD00763,PROD001,3,1723,0.21
ORD00764,PROD008,5,1365,0.14
ORD00764,PROD002,5,1459,0.05
ORD00764,PROD011,3,1093,0.08
ORD00764,PROD005,1,587,0.13
ORD00765,PROD008,5,1365,0.14
ORD00765,PROD005,5,587,0.09
ORD00766,PROD001,1,1723,0.05
ORD00766,PROD011,1,1093,0.11
ORD00766,PROD001,3,1723,0.04
ORD00766,PROD007,2,870,0.01
ORD00767,PROD008,4,1365,0.14
ORD00767,PROD006,5,1047,0.09
ORD00767,PROD008,4,1365,0.26
ORD00768,PROD007,4,870,0.05
ORD00769,PROD004,2,1905,0.04
ORD00769,PROD007,5,870,0.11
ORD00769,PROD007,2,870,0.01
ORD00769,PROD009,1,796,0.13
ORD00770,PROD011,4,1093,0.21
ORD00770,PROD010,1,321,0.01
ORD00771,PROD005,4,587,0.22
ORD00772,PROD006,4,1047,0.21
ORD00772,PROD012,3,215,0.1
ORD00773,PROD009,5,796,0.27
ORD00773,PROD009,5,796,0.12
ORD00774,PROD007,5,870,0.03
ORD00774,PROD010,4,321,0.16
ORD00775,PROD006,4,1047,0.08
ORD00776,PROD004,2,1905,0.09
ORD00776,PROD001,5,1723,0.26
ORD00777,PROD003,1,1220,0.15
ORD00777,PROD002,2,1459,0.06
ORD00778,PROD006,2,1047,0.09
ORD00778,PROD003,3,1220,0.29
ORD00778,PROD009,3,796,0.27
ORD00778,PROD007,1,870,0.17
ORD00779,PROD010,3,321,0.11
ORD00779,PROD002,5,1459,0.14
ORD00779,PROD006,3,1047,0.05
ORD00780,PROD004,1,1905,0.28
ORD00780,PROD002,1,1459,0.02
ORD00780,PROD006,3,1047,0.1
ORD00781,PROD012,2,215,0.2
ORD00782,PROD007,2,870,0.11
ORD00782,PROD003,3,1220,0.21
ORD00782,PROD002,4,1459,0.03
ORD00782,PROD006,4,1047,0.02
ORD00783,PROD004,2,1905,0.16
ORD00783,PROD002,2,1459,0.08
ORD00783,PROD007,5,870,0.04
ORD00784,PROD004,3,1905,0.14
ORD00784,PROD005,2,587,0.08
ORD00784,PROD002,2,1459,0.17
ORD00784,PROD006,2,1047,0.11
ORD00785,PROD009,1,796,0.03
ORD00785,PROD007,2,870,0.01
ORD00786,PROD012,2,215,0.29
ORD00786,PROD005,5,587,0.16
ORD00787,PROD007,1,870,0.3
ORD00788,PROD002,1,1459,0.23
ORD00788,PROD012,3,215,0.2
ORD00788,PROD008,5,1365,0.16
ORD00789,PROD003,5,1220,0.06
ORD00789,PROD006,4,1047,0.27
ORD00789,PROD007,3,870,0.18
ORD00790,PROD008,4,1365,0.29
ORD00790,PROD011,4,1093,0.11
ORD00791,PROD004,3,1905,0.26
ORD00792,PROD001,2,1723,0.14
ORD00793,PROD008,4,1365,0.03
ORD00793,PROD002,2,1459,0.02
ORD00794,PROD007,5,870,0.22
ORD00794,PROD009,2,796,0.28
ORD00794,PROD003,1,1220,0.04
ORD00795,PROD008,1,1365,0.28
ORD00795,PROD005,3,587,0.04
ORD00796,PROD003,2,1220,0.12
ORD00796,PROD008,3,1365,0.03
ORD00797,PROD008,1,1365,0.13
ORD00797,PROD009,4,796,0.25
ORD00797,PROD010,5,321,0.24
ORD00798,PROD009,4,796,0.25
ORD00799,PROD001,1,1723,0.21
ORD00799,PROD006,4,1047,0.01
ORD00799,PROD009,2,796,0.26
ORD00800,PROD007,5,870,0.04
ORD00800,PROD012,4,215,0.08
ORD00801,PROD007,4,870,0.07
ORD00801,PROD002,5,1459,0.02
ORD00802,PROD009,4,796,0.03
ORD00802,PROD012,3,215,0.11
ORD00802,PROD011,2,1093,0.14
ORD00803,PROD008,2,1365,0.28
ORD00803,PROD005,1,587,0.03
ORD00804,PROD008,4,1365,0.19
ORD00804,PROD005,5,587,0.1
ORD00804,PROD006,2,1047,0.13
ORD00805,PROD002,3,1459,0.17
ORD00805,PROD008,2,1365,0.29
ORD00805,PROD006,2,1047,0.12
ORD00805,PROD001,5,1723,0.11
ORD00806,PROD010,5,321,0.28
ORD00806,PROD007,2,870,0.21
ORD00807,PROD001,1,1723,0.07
ORD00808,PROD009,3,796,0.01
ORD00808,PROD007,4,870,0.27
ORD00808,PROD003,3,1220,0.05
ORD00808,PROD001,2,1723,0.29
ORD00809,PROD005,3,587,0.08
ORD00809,PROD010,3,321,0.29
ORD00810,PROD002,4,1459,0.26
ORD00810,PROD008,3,1365,0.29
ORD00810,PROD010,2,321,0.15
ORD00810,PROD010,2,321,0.11
ORD00811,PROD009,2,796,0.17
ORD00811,PROD011,5,1093,0.17
ORD00811,PROD008,4,1365,0.05
ORD00811,PROD008,3,1365,0.19
ORD00812,PROD010,3,321,0.24
ORD00812,PROD010,5,321,0.29
ORD00812,PROD004,2,1905,0.07
ORD00813,PROD001,2,1723,0.08
ORD00813,PROD012,5,215,0.12
ORD00814,PROD010,5,321,0.0
ORD00814,PROD007,1,870,0.28
ORD00814,PROD010,3,321,0.08
ORD00814,PROD003,1,1220,0.14
ORD00815,PROD010,4,321,0.16
ORD00815,PROD005,3,587,0.03
ORD00815,PROD008,2,1365,0.19
ORD00815,PROD001,5,1723,0.0
ORD00816,PROD008,3,1365,0.1
ORD00816,PROD012,2,215,0.25
ORD00817,PROD001,2,1723,0.11
ORD00817,PROD011,4,1093,0.27
ORD00817,PROD006,4,1047,0.05
ORD00817,PROD001,5,1723,0.26
ORD00818,PROD005,2,587,0.09
ORD00818,PROD009,5,796,0.14
ORD00819,PROD010,5,321,0.28
ORD00819,PROD004,4,1905,0.23
ORD00819,PROD011,1,1093,0.27
ORD00820,PROD008,2,1365,0.26
ORD00820,PROD005,3,587,0.3
ORD00820,PROD003,4,1220,0.01
ORD00820,PROD005,4,587,0.27
ORD00821,PROD002,2,1459,0.2
ORD00821,PROD001,4,1723,0.03
ORD00821,PROD008,2,1365,0.2
ORD00821,PROD007,2,870,0.23
ORD00822,PROD001,2,1723,0.15
ORD00822,PROD001,1,1723,0.21
ORD00822,PROD004,4,1905,0.21
ORD00822,PROD009,5,796,0.16
ORD00823,PROD008,3,1365,0.22
ORD00823,PROD012,5,215,0.22
ORD00823,PROD010,2,321,0.13
ORD00824,PROD002,1,1459,0.04
ORD00824,PROD009,4,796,0.14
ORD00825,PROD001,3,1723,0.07
ORD00825,PROD009,3,796,0.29
ORD00825,PROD008,4,1365,0.24
ORD00826,PROD001,5,1723,0.15
ORD00827,PROD010,3,321,0.08
ORD00827,PROD012,1,215,0.01
ORD00827,PROD008,1,1365,0.18
ORD00827,PROD001,1,1723,0.16
ORD00828,PROD001,4,1723,0.07
ORD00829,PROD010,1,321,0.15
ORD00829,PROD010,1,321,0.2
ORD00829,PROD011,3,1093,0.28
ORD00830,PROD005,4,587,0.2
ORD00830,PROD002,2,1459,0.12
ORD00830,PROD010,4,321,0.07
ORD00830,PROD011,2,1093,0.18
ORD00831,PROD006,2,1047,0.21
ORD00831,PROD006,2,1047,0.01
ORD00831,PROD002,3,1459,0.1
ORD00831,PROD012,4,215,0.11
ORD00832,PROD011,3,1093,0.19
ORD00832,PROD012,5,215,0.04
ORD00832,PROD001,5,1723,0.23
ORD00832,PROD004,1,1905,0.09
ORD00833,PROD010,1,321,0.24
ORD00833,PROD005,2,587,0.2
ORD00833,PROD002,4,1459,0.08
ORD00833,PROD003,1,1220,0.05
ORD00834,PROD011,5,1093,0.23
ORD00834,PROD007,5,870,0.29
ORD00835,PROD002,2,1459,0.02
ORD00835,PROD009,3,796,0.09
ORD00836,PROD001,1,1723,0.29
ORD00836,PROD003,2,1220,0.14
ORD00836,PROD010,5,321,0.23
ORD00836,PROD004,2,1905,0.19
ORD00837,PROD012,2,215,0.11
ORD00838,PROD008,2,1365,0.11
ORD00838,PROD011,2,1093,0.11
ORD00838,PROD005,5,587,0.14
ORD00838,PROD012,3,215,0.0
ORD00839,PROD005,3,587,0.13
ORD00839,PROD003,3,1220,0.24
ORD00839,PROD009,1,796,0.06
ORD00840,PROD011,2,1093,0.11
ORD00841,PROD009,2,796,0.14
ORD00841,PROD003,4,1220,0.15
ORD00841,PROD009,3,796,0.19
ORD00842,PROD008,4,1365,0.06
ORD00843,PROD008,5,1365,0.21
ORD00843,PROD004,5,1905,0.07
ORD00843,PROD007,2,870,0.16
ORD00843,PROD011,3,1093,0.27
ORD00844,PROD012,4,215,0.26
ORD00844,PROD010,4,321,0.01
ORD00844,PROD009,4,796,0.07
ORD00845,PROD007,3,870,0.13
ORD00845,PROD004,2,1905,0.01
ORD00845,PROD001,2,1723,0.18
ORD00846,PROD001,1,1723,0.09
ORD00846,PROD001,1,1723,0.07
ORD00847,PROD005,4,587,0.24
ORD00848,PROD006,3,1047,0.29
ORD00848,PROD009,5,796,0.19
ORD00848,PROD012,3,215,0.29
ORD00848,PROD012,3,215,0.22
ORD00849,PROD008,5,1365,0.1
ORD00849,PROD011,2,1093,0.18
ORD00849,PROD006,3,1047,0.24
ORD00850,PROD003,5,1220,0.08
ORD00850,PROD008,4,1365,0.11
ORD00850,PROD007,5,870,0.26
ORD00850,PROD010,1,321,0.29
ORD00851,PROD004,3,1905,0.07
ORD00852,PROD002,4,1459,0.23
ORD00853,PROD001,3,1723,0.25
ORD00853,PROD001,5,1723,0.04
ORD00853,PROD012,3,215,0.19
ORD00854,PROD002,2,1459,0.11
ORD00854,PROD006,2,1047,0.02
ORD00854,PROD005,5,587,0.05
ORD00855,PROD009,4,796,0.11
ORD00855,PROD009,3,796,0.09
ORD00855,PROD002,5,1459,0.19
ORD00856,PROD001,2,1723,0.29
ORD00856,PROD002,3,1459,0.11
ORD00856,PROD005,2,587,0.14
ORD00857,PROD003,3,1220,0.23
ORD00858,PROD005,4,587,0.21
ORD00858,PROD011,1,1093,0.18
ORD00858,PROD005,4,587,0.28
ORD00859,PROD008,4,1365,0.29
ORD00859,PROD004,2,1905,0.19
ORD00860,PROD006,3,1047,0.2
ORD00860,PROD001,4,1723,0.3
ORD00860,PROD012,3,215,0.22
ORD00861,PROD006,2,1047,0.1
ORD00862,PROD002,1,1459,0.06
ORD00862,PROD010,1,321,0.26
ORD00862,PROD001,4,1723,0.21
ORD00862,PROD002,5,1459,0.0
ORD00863,PROD005,2,587,0.06
ORD00863,PROD010,1,321,0.27
ORD00863,PROD009,3,796,0.07
ORD00864,PROD004,1,1905,0.01
ORD00865,PROD009,2,796,0.13
ORD00865,PROD008,2,1365,0.19
ORD00866,PROD004,1,1905,0.04
ORD00867,PROD002,3,1459,0.11
ORD00868,PROD003,2,1220,0.22
ORD00868,PROD011,4,1093,0.12
ORD00868,PROD002,5,1459,0.26
ORD00868,PROD005,3,587,0.23
ORD00869,PROD001,1,1723,0.06
ORD00869,PROD001,1,1723,0.21
ORD00870,PROD003,3,1220,0.24
ORD00870,PROD002,4,1459,0.14
ORD00871,PROD003,5,1220,0.17
ORD00872,PROD005,1,587,0.29
ORD00872,PROD001,5,1723,0.28
ORD00872,PROD004,1,1905,0.05
ORD00872,PROD005,3,587,0.05
ORD00873,PROD003,1,1220,0.13
ORD00873,PROD010,2,321,0.01
ORD00874,PROD008,5,1365,0.21
ORD00874,PROD010,1,321,0.09
ORD00874,PROD002,5,1459,0.2
ORD00874,PROD007,3,870,0.03
ORD00875,PROD007,5,870,0.21
ORD00876,PROD001,1,1723,0.11
ORD00876,PROD009,1,796,0.04
ORD00877,PROD009,1,796,0.02
ORD00878,PROD010,2,321,0.18
ORD00878,PROD009,5,796,0.18
ORD00879,PROD007,3,870,0.25
ORD00879,PROD004,4,1905,0.1
ORD00879,PROD003,4,1220,0.25
ORD00879,PROD009,4,796,0.03
ORD00880,PROD002,1,1459,0.29
ORD00880,PROD006,4,1047,0.04
ORD00881,PROD006,3,1047,0.23
ORD00881,PROD010,1,321,0.09
ORD00881,PROD007,2,870,0.11
ORD00881,PROD012,5,215,0.29
ORD00882,PROD009,5,796,0.26
ORD00883,PROD004,1,1905,0.27
ORD00883,PROD008,2,1365,0.05
ORD00883,PROD007,5,870,0.01
ORD00883,PROD004,2,1905,0.17
ORD00884,PROD005,1,587,0.12
ORD00884,PROD009,4,796,0.15
ORD00884,PROD002,3,1459,0.04
ORD00884,PROD011,1,1093,0.07
ORD00885,PROD008,2,1365,0.07
ORD00885,PROD010,1,321,0.28
ORD00886,PROD005,2,587,0.21
ORD00887,PROD004,2,1905,0.02
ORD00887,PROD005,3,587,0.3
ORD00887,PROD010,2,321,0.23
ORD00888,PROD012,5,215,0.28
ORD00888,PROD012,2,215,0.03
ORD00888,PROD006,4,1047,0.04
ORD00888,PROD002,2,1459,0.15
ORD00889,PROD001,1,1723,0.3
ORD00889,PROD006,4,1047,0.07
ORD00890,PROD008,4,1365,0.16
ORD00890,PROD012,2,215,0.24
ORD00890,PROD009,4,796,0.06
ORD00890,PROD004,3,1905,0.09
ORD00891,PROD008,5,1365,0.25
ORD00891,PROD007,3,870,0.26
ORD00892,PROD011,3,1093,0.15
ORD00892,PROD012,3,215,0.23
ORD00893,PROD005,2,587,0.24
ORD00893,PROD004,4,1905,0.13
ORD00893,PROD006,5,1047,0.06
ORD00894,PROD005,5,587,0.07
ORD00895,PROD010,5,321,0.14
ORD00895,PROD009,1,796,0.11
ORD00895,PROD003,2,1220,0.11
ORD00895,PROD004,4,1905,0.05
ORD00896,PROD007,3,870,0.09
ORD00896,PROD010,4,321,0.25
ORD00897,PROD006,5,1047,0.26
ORD00897,PROD005,4,587,0.29
ORD00897,PROD008,3,1365,0.11
ORD00898,PROD006,3,1047,0.12
ORD00898,PROD006,4,1047,0.28
ORD00898,PROD006,1,1047,0.19
ORD00899,PROD011,5,1093,0.24
ORD00899,PROD011,5,1093,0.18
ORD00899,PROD010,4,321,0.08
ORD00899,PROD011,3,1093,0.14
ORD00900,PROD008,5,1365,0.21
ORD00900,PROD004,5,1905,0.3
ORD00901,PROD008,4,1365,0.21
ORD00901,PROD003,1,1220,0.03
ORD00902,PROD002,4,1459,0.12
ORD00903,PROD004,1,1905,0.23
ORD00903,PROD010,4,321,0.02
ORD00904,PROD003,4,1220,0.17
ORD00905,PROD012,3,215,0.23
ORD00905,PROD012,4,215,0.13
ORD00906,PROD002,3,1459,0.15
ORD00907,PROD009,5,796,0.11
ORD00908,PROD002,5,1459,0.17
ORD00909,PROD008,5,1365,0.03
ORD00909,PROD010,5,321,0.19
ORD00909,PROD007,4,870,0.14
ORD00909,PROD010,4,321,0.07
ORD00910,PROD001,2,1723,0.03
ORD00910,PROD006,3,1047,0.28
ORD00910,PROD004,4,1905,0.25
ORD00910,PROD011,3,1093,0.18
ORD00911,PROD003,3,1220,0.29
ORD00911,PROD004,1,1905,0.2
ORD00912,PROD010,1,321,0.01
ORD00912,PROD010,5,321,0.26
ORD00912,PROD007,4,870,0.08
ORD00913,PROD006,1,1047,0.13
ORD00913,PROD005,4,587,0.15
ORD00913,PROD009,5,796,0.14
ORD00913,PROD011,1,1093,0.08
ORD00914,PROD012,3,215,0.04
ORD00915,PROD008,1,1365,0.23
ORD00915,PROD010,2,321,0.03
ORD00915,PROD006,2,1047,0.11
ORD00916,PROD007,1,870,0.14
ORD00916,PROD010,2,321,0.04
ORD00917,PROD007,4,870,0.24
ORD00917,PROD004,4,1905,0.09
ORD00918,PROD006,4,1047,0.03
ORD00918,PROD004,2,1905,0.2
ORD00918,PROD005,4,587,0.06
ORD00919,PROD010,1,321,0.06
ORD00919,PROD004,1,1905,0.12
ORD00919,PROD002,2,1459,0.05
ORD00919,PROD011,1,1093,0.04
ORD00920,PROD010,3,321,0.03
ORD00920,PROD009,3,796,0.22
ORD00920,PROD005,4,587,0.01
ORD00921,PROD001,3,1723,0.19
ORD00921,PROD004,1,1905,0.22
ORD00921,PROD008,2,1365,0.27
ORD00921,PROD011,3,1093,0.29
ORD00922,PROD007,2,870,0.15
ORD00922,PROD007,4,870,0.19
ORD00923,PROD005,2,587,0.04
ORD00923,PROD001,4,1723,0.06
ORD00923,PROD001,2,1723,0.17
ORD00924,PROD001,5,1723,0.18
ORD00924,PROD004,4,1905,0.29
ORD00924,PROD010,4,321,0.28
ORD00924,PROD012,4,215,0.29
ORD00925,PROD005,4,587,0.04
ORD00925,PROD003,3,1220,0.12
ORD00926,PROD002,4,1459,0.29
ORD00926,PROD007,5,870,0.13
ORD00927,PROD007,3,870,0.11
ORD00927,PROD003,2,1220,0.29
ORD00928,PROD005,1,587,0.06
ORD00929,PROD001,3,1723,0.14
ORD00929,PROD008,4,1365,0.2
ORD00929,PROD003,4,1220,0.14
ORD00930,PROD006,3,1047,0.13
ORD00931,PROD005,2,587,0.29
ORD00931,PROD006,3,1047,0.17
ORD00932,PROD003,1,1220,0.1
ORD00933,PROD008,3,1365,0.23
ORD00933,PROD010,3,321,0.28
ORD00933,PROD008,5,1365,0.19
ORD00933,PROD007,2,870,0.25
ORD00934,PROD005,5,587,0.18
ORD00934,PROD003,3,1220,0.2
ORD00934,PROD010,4,321,0.05
ORD00935,PROD010,1,321,0.06
ORD00936,PROD008,2,1365,0.27
ORD00936,PROD005,3,587,0.18
ORD00936,PROD006,1,1047,0.28
ORD00937,PROD011,2,1093,0.11
ORD00937,PROD009,1,796,0.21
ORD00938,PROD007,2,870,0.22
ORD00939,PROD006,5,1047,0.08
ORD00939,PROD001,4,1723,0.27
ORD00939,PROD009,3,796,0.25
ORD00939,PROD007,1,870,0.23
ORD00940,PROD011,5,1093,0.01
ORD00941,PROD001,1,1723,0.23
ORD00941,PROD002,1,1459,0.16
ORD00941,PROD006,1,1047,0.22
ORD00941,PROD012,3,215,0.27
ORD00942,PROD003,5,1220,0.23
ORD00943,PROD009,3,796,0.13
ORD00943,PROD003,2,1220,0.02
ORD00944,PROD005,1,587,0.24
ORD00944,PROD001,2,1723,0.24
ORD00944,PROD005,4,587,0.11
ORD00945,PROD007,2,870,0.0
ORD00945,PROD008,5,1365,0.25
ORD00946,PROD012,1,215,0.09
ORD00947,PROD009,1,796,0.23
ORD00948,PROD002,2,1459,0.17
ORD00948,PROD002,4,1459,0.04
ORD00948,PROD003,1,1220,0.12
ORD00949,PROD005,2,587,0.15
ORD00949,PROD007,3,870,0.21
ORD00949,PROD006,5,1047,0.25
ORD00950,PROD007,1,870,0.26
ORD00950,PROD009,1,796,0.08
ORD00950,PROD004,2,1905,0.22
ORD00951,PROD003,3,1220,0.06
ORD00951,PROD008,3,1365,0.25
ORD00951,PROD005,2,587,0.13
ORD00952,PROD005,2,587,0.07
ORD00953,PROD003,4,1220,0.24
ORD00953,PROD001,3,1723,0.13
ORD00953,PROD010,1,321,0.28
ORD00953,PROD002,1,1459,0.16
ORD00954,PROD009,1,796,0.13
ORD00955,PROD009,4,796,0.26
ORD00955,PROD007,4,870,0.13
ORD00955,PROD004,5,1905,0.01
ORD00956,PROD001,2,1723,0.07
ORD00956,PROD007,2,870,0.11
ORD00956,PROD009,5,796,0.03
ORD00956,PROD010,3,321,0.14
ORD00957,PROD006,1,1047,0.18
ORD00957,PROD010,3,321,0.21
ORD00958,PROD012,3,215,0.2
ORD00958,PROD009,4,796,0.02
ORD00958,PROD006,2,1047,0.0
ORD00959,PROD005,2,587,0.1
ORD00959,PROD007,1,870,0.01
ORD00959,PROD012,3,215,0.28
ORD00960,PROD003,5,1220,0.05
ORD00960,PROD009,3,796,0.24
ORD00961,PROD012,3,215,0.11
ORD00961,PROD009,2,796,0.17
ORD00961,PROD004,5,1905,0.12
ORD00961,PROD011,4,1093,0.2
ORD00962,PROD005,2,587,0.06
ORD00963,PROD009,4,796,0.1
ORD00964,PROD003,5,1220,0.13
ORD00964,PROD002,2,1459,0.29
ORD00964,PROD002,5,1459,0.12
ORD00965,PROD006,5,1047,0.17
ORD00965,PROD001,2,1723,0.0
ORD00965,PROD003,1,1220,0.2
ORD00965,PROD010,3,321,0.21
ORD00966,PROD002,2,1459,0.1
ORD00966,PROD003,5,1220,0.11
ORD00967,PROD009,2,796,0.12
ORD00968,PROD011,4,1093,0.12
ORD00968,PROD004,5,1905,0.11
ORD00968,PROD011,4,1093,0.15
ORD00968,PROD002,3,1459,0.23
ORD00969,PROD008,4,1365,0.14
ORD00970,PROD012,5,215,0.17
ORD00970,PROD006,3,1047,0.22
ORD00970,PROD008,3,1365,0.29
ORD00971,PROD008,1,1365,0.13
ORD00972,PROD007,2,870,0.21
ORD00972,PROD011,2,1093,0.14
ORD00972,PROD012,1,215,0.15
ORD00972,PROD008,2,1365,0.12
ORD00973,PROD011,4,1093,0.04
ORD00973,PROD010,2,321,0.25
ORD00973,PROD008,1,1365,0.02
ORD00974,PROD005,2,587,0.03
ORD00975,PROD011,3,1093,0.13
ORD00975,PROD007,2,870,0.23
ORD00976,PROD009,2,796,0.15
ORD00976,PROD004,1,1905,0.16
ORD00976,PROD004,4,1905,0.28
ORD00977,PROD001,5,1723,0.09
ORD00977,PROD009,3,796,0.14
ORD00978,PROD005,3,587,0.29
ORD00978,PROD001,3,1723,0.22
ORD00978,PROD009,1,796,0.14
ORD00979,PROD003,2,1220,0.2
ORD00980,PROD003,5,1220,0.26
ORD00980,PROD001,1,1723,0.16
ORD00980,PROD006,2,1047,0.06
ORD00981,PROD006,5,1047,0.02
ORD00981,PROD005,2,587,0.13
ORD00981,PROD004,5,1905,0.03
ORD00982,PROD006,5,1047,0.01
ORD00982,PROD009,5,796,0.17
ORD00982,PROD004,3,1905,0.25
ORD00982,PROD001,1,1723,0.16
ORD00983,PROD002,2,1459,0.11
ORD00983,PROD009,4,796,0.05
ORD00984,PROD003,2,1220,0.0
ORD00985,PROD004,3,1905,0.03
ORD00985,PROD011,2,1093,0.28
ORD00985,PROD008,4,1365,0.03
ORD00985,PROD003,3,1220,0.06
ORD00986,PROD002,1,1459,0.08
ORD00987,PROD009,1,796,0.13
ORD00987,PROD011,1,1093,0.19
ORD00988,PROD008,3,1365,0.27
ORD00988,PROD001,3,1723,0.04
ORD00988,PROD007,3,870,0.14
ORD00989,PROD006,3,1047,0.15
ORD00990,PROD012,2,215,0.17
ORD00990,PROD001,5,1723,0.27
ORD00990,PROD009,1,796,0.19
ORD00990,PROD005,3,587,0.16
ORD00991,PROD012,2,215,0.29
ORD00991,PROD006,2,1047,0.13
ORD00992,PROD004,3,1905,0.22
ORD00992,PROD010,4,321,0.12
ORD00992,PROD001,3,1723,0.06
ORD00992,PROD009,3,796,0.11
ORD00993,PROD004,3,1905,0.13
ORD00993,PROD006,2,1047,0.26
ORD00993,PROD003,2,1220,0.08
ORD00994,PROD011,4,1093,0.14
ORD00994,PROD006,1,1047,0.29
ORD00994,PROD006,4,1047,0.2
ORD00994,PROD003,1,1220,0.3
ORD00995,PROD010,5,321,0.14
ORD00995,PROD008,3,1365,0.04
ORD00995,PROD002,2,1459,0.01
ORD00995,PROD008,1,1365,0.02
ORD00996,PROD005,3,587,0.14
ORD00996,PROD012,4,215,0.01
ORD00997,PROD004,2,1905,0.19
ORD00997,PROD008,4,1365,0.14
ORD00997,PROD007,4,870,0.18
ORD00997,PROD007,2,870,0.23
ORD00998,PROD004,1,1905,0.28
ORD00998,PROD012,1,215,0.21
ORD00998,PROD010,2,321,0.21
ORD00998,PROD010,4,321,0.14
ORD00999,PROD006,3,1047,0.17
ORD00999,PROD003,3,1220,0.1
ORD00999,PROD001,3,1723,0.12
ORD01000,PROD012,3,215,0.05
ORD01000,PROD004,1,1905,0.3
ORD01000,PROD005,3,587,0.28
